,cumulative_debt,percent_on_fin_aid,F_median_debt,M_median_debt,percentage_finished,num_not_working_6yrs,num_working_6yrs,num_students,id,num_yrs_to_diploma,two_or_four_year,name,state
656,21989.0,0.8959999999999999,9500.0,9020.0,26.639496100000002,4801.0,20057.0,10103.0,445027,4,1,American InterContinental University-Online,IL
698,2044.0,0.2937,12000.0,9500.0,51.7006803,49.0,665.0,1624.0,445267,4,1,Central Methodist University-College of Graduate and Extended Studies,MO
733,5504.0,0.5596,11875.0,9500.0,32.381370800000006,167.0,2642.0,1802.0,104586,4,1,Embry-Riddle Aeronautical University-Prescott,AZ
774,9708.0,0.8201,19148.0,19000.0,49.388601,496.0,7038.0,1506.0,439288,4,1,Johnson & Wales University-Denver,CO
797,21989.0,0.9089,9500.0,9020.0,26.639496100000002,4801.0,20057.0,1002.0,438586,4,1,American InterContinental University-Atlanta,GA
832,20046.0,0.6445,10387.0,10500.0,31.851666899999998,708.0,4466.0,35493.0,433387,4,1,Western Governors University,UT
859,6915.0,0.4084,13751.5,12212.0,46.0709319,250.0,2947.0,20776.0,106397,4,1,University of Arkansas,AR
860,9631.0,0.3327,12062.5,12101.0,48.5728593,752.0,7485.0,33000.0,110565,4,1,California State University-Fullerton,CA
861,6870.0,0.4698,13823.0,13527.5,45.8945079,508.0,4254.0,15887.0,110510,4,1,California State University-San Bernardino,CA
865,5592.0,0.452,13000.0,13200.0,51.670075000000004,362.0,3958.0,15106.0,110538,4,1,California State University-Chico,CA
867,3507.0,0.4158,9500.0,8332.0,33.1892411,253.0,2102.0,7226.0,110486,4,1,California State University-Bakersfield,CA
872,5282.0,0.3844,12000.0,11000.0,42.8321678,394.0,3145.0,12079.0,110574,4,1,California State University-East Bay,CA
873,3277.0,0.4286,12500.0,12257.0,29.5966785,230.0,2265.0,7751.0,110495,4,1,California State University-Stanislaus,CA
874,4600.0,0.5697,14750.0,14209.0,16.4948454,123.0,1654.0,6543.0,109785,4,1,Azusa Pacific University,CA
875,10972.0,0.3962,12000.0,12500.0,48.5205111,597.0,5860.0,31399.0,104179,4,1,University of Arizona,AZ
880,6189.0,0.5549,12302.0,9500.0,30.809061500000002,325.0,2702.0,11048.0,102094,4,1,University of South Alabama,AL
887,7356.0,0.43799999999999994,13658.0,12500.0,66.4165589,442.0,4054.0,19362.0,110705,4,1,University of California-Santa Barbara,CA
888,7381.0,0.3021,13374.0,13498.5,54.077819299999994,775.0,5076.0,25951.0,110635,4,1,University of California-Berkeley,CA
900,8882.0,0.3828,12500.0,12999.0,53.2602311,752.0,7860.0,26625.0,122409,4,1,San Diego State University,CA
905,2390.0,0.5115,22500.0,21250.0,29.7229219,156.0,1513.0,6308.0,122612,4,1,University of San Francisco,CA
915,2031.0,0.5573,18462.0,16865.0,50.3018109,76.0,1100.0,4428.0,107044,4,1,Harding University,AR
918,2156.0,0.5985,9250.0,7200.0,23.027718600000004,112.0,1113.0,3190.0,107071,4,1,Henderson State University,AR
919,2442.0,0.5956,6900.0,5500.0,17.8270849,228.0,1171.0,3024.0,106485,4,1,University of Arkansas at Monticello,AR
921,1005.0,0.5333,16500.0,15879.5,54.6201232,46.0,650.0,1770.0,107141,4,1,John Brown University,AR
931,1929.0,0.6292,21878.5,20500.0,56.1027837,98.0,1269.0,3869.0,120883,4,1,University of the Pacific,CA
945,29626.0,0.8111,6569.0,6334.0,11.6635839,560.0,2587.0,1304.0,117928,4,1,Argosy University-The Art Institute of California-San Francisco,CA
946,2342.0,0.4747,19500.0,19500.0,73.1239093,110.0,1359.0,6087.0,117946,4,1,Loyola Marymount University,CA
954,1952.0,0.6928,13588.0,13974.0,43.4310532,89.0,803.0,2496.0,114813,4,1,Fresno Pacific University,CA
969,4126.0,0.4152,9500.0,9500.0,51.6267649,145.0,544.0,2191.0,102845,4,1,Charter College,WA
982,697.0,0.5106,30250.0,28250.0,52.5073746,74.0,465.0,1742.0,109651,4,1,Art Center College of Design,CA
999,7815.0,0.3298,13255.0,12500.0,55.6515113,463.0,4626.0,25461.0,126614,4,1,University of Colorado Boulder,CO
1000,30982.0,0.6049,8256.5,6334.0,25.8686311,5827.0,19874.0,1200.0,126827,4,1,Colorado Technical University-Colorado Springs,CO
1013,12719.0,0.512,11418.0,9500.0,23.448496499999997,756.0,5117.0,21696.0,127565,4,1,Metropolitan State University of Denver,CO
1014,17148.0,0.4783,15000.0,14000.0,53.5452323,866.0,9058.0,30376.0,137351,4,1,University of South Florida-Main Campus,FL
1019,4929.0,0.4931,10872.0,10693.0,37.613489,251.0,2330.0,9906.0,138354,4,1,The University of West Florida,FL
1022,785.0,0.5998,14000.0,13000.0,39.770114899999996,78.0,491.0,1035.0,137476,4,1,St Thomas University,FL
1034,4717.0,0.6118,16500.0,13760.0,40.76322639999999,247.0,2093.0,5053.0,136215,4,1,Nova Southeastern University,FL
1038,1522.0,0.5529,14250.0,13500.0,41.955445499999996,107.0,911.0,2501.0,136330,4,1,Palm Beach Atlantic University,FL
1042,5504.0,0.5962,11875.0,9500.0,32.381370800000006,167.0,2642.0,4666.0,133553,4,1,Embry-Riddle Aeronautical University-Daytona Beach,FL
1044,4785.0,0.5918,14750.0,14000.0,43.996247700000005,159.0,2638.0,9512.0,128771,4,1,Central Connecticut State University,CT
1045,2946.0,0.5624,11000.0,9500.0,29.2615868,185.0,1342.0,4375.0,128106,4,1,Colorado State University-Pueblo,CO
1047,2389.0,0.7236,15000.0,11000.0,33.2007952,88.0,1103.0,3719.0,130934,4,1,Delaware State University,DE
1050,540.0,0.3005,11922.0,9500.0,51.41843970000001,76.0,458.0,1732.0,132657,4,1,Lynn University,FL
1053,13598.0,0.5883,15000.0,13000.0,44.2790096,631.0,5494.0,24128.0,139940,4,1,Georgia State University,GA
1057,2856.0,0.6878,19475.0,15056.5,48.557296,124.0,1579.0,4304.0,140447,4,1,Mercer University,GA
1058,2573.0,0.8818,16250.0,13000.0,20.9031318,100.0,844.0,2805.0,139719,4,1,Fort Valley State University,GA
1059,459.0,0.5765,16987.0,14226.0,37.4603175,46.0,488.0,1063.0,139393,4,1,Covenant College,GA
1068,2232.0,0.5116,12500.0,12500.0,39.1666667,108.0,1222.0,3360.0,134945,4,1,Jacksonville University,FL
1070,1489.0,0.5668,12500.0,13000.0,38.9749702,57.0,733.0,2064.0,133872,4,1,Adventist University of Health Sciences,FL
1073,497.0,0.4199,10881.5,9875.0,43.820224700000004,59.0,249.0,1053.0,131450,4,1,Gallaudet University,DC
1078,3644.0,0.5742,11000.0,9500.0,32.2916667,181.0,1642.0,6206.0,138789,4,1,Armstrong State University,GA
1079,4205.0,0.607,12621.0,9805.0,25.270936,183.0,1605.0,6849.0,139366,4,1,Columbus State University,GA
1080,2235.0,0.8796,16750.0,14250.0,36.091724799999994,118.0,1268.0,2629.0,138947,4,1,Clark Atlanta University,GA
1089,1950.0,0.706,17500.0,17500.0,60.68660020000001,58.0,1227.0,4409.0,130253,4,1,Sacred Heart University,CT
1090,1787.0,0.7347,14750.0,13812.5,35.5995056,88.0,761.0,2835.0,128744,4,1,University of Bridgeport,CT
1091,7482.0,0.5312,7605.5,5800.5,22.588674600000004,91.0,703.0,6616.0,130183,4,1,Post University,CT
1096,492.0,0.0969,10793.0,11529.0,84.81675390000001,90.0,936.0,5422.0,130794,4,1,Yale University,CT
1108,388.0,0.3333,15720.0,16750.0,78.40375590000001,29.0,246.0,2025.0,126678,4,1,Colorado College,CO
1125,2662.0,0.4728,14750.0,12500.0,39.304610700000005,139.0,1258.0,5525.0,100706,4,1,University of Alabama in Huntsville,AL
1126,3025.0,0.8204,15000.0,12250.0,24.184566399999998,116.0,1187.0,4051.0,100654,4,1,Alabama A & M University,AL
1144,6049.0,0.5397,13457.0,12500.0,42.3172758,248.0,2665.0,11200.0,100663,4,1,University of Alabama at Birmingham,AL
1146,4475.0,0.6811,14250.0,12000.0,30.3553801,238.0,2194.0,7195.0,101480,4,1,Jacksonville State University,AL
1147,4164.0,0.8735,13462.0,10250.0,18.7935035,188.0,1594.0,5354.0,100724,4,1,Alabama State University,AL
1148,2651.0,0.6476,8948.0,8006.0,20.6605763,117.0,1176.0,4322.0,100830,4,1,Auburn University at Montgomery,AL
1154,1758.0,0.7193,9500.0,9373.0,26.3231198,97.0,717.0,1988.0,101587,4,1,University of West Alabama,AL
1155,894.0,0.3653,18750.0,16500.0,61.1691023,41.0,527.0,2995.0,102049,4,1,Samford University,AL
1159,728.0,0.209,9250.0,8770.0,25.1716247,63.0,305.0,1488.0,102632,4,1,University of Alaska Southeast,AK
1175,9350.0,0.4097,19000.0,18110.0,76.4339152,353.0,5814.0,31663.0,145637,4,1,University of Illinois at Urbana-Champaign,IL
1177,3818.0,0.8495,16067.0,14250.0,25.9465479,174.0,1383.0,4321.0,144005,4,1,Chicago State University,IL
1179,4618.0,0.5423,15500.0,15750.0,47.4728389,209.0,2513.0,8539.0,142285,4,1,University of Idaho,ID
1189,9980.0,0.6689,16000.0,14266.5,48.990939,340.0,5741.0,15782.0,147703,4,1,Northern Illinois University,IL
1193,6340.0,0.7025,15000.0,14293.5,51.167883200000006,216.0,3821.0,9873.0,149772,4,1,Western Illinois University,IL
1194,3154.0,0.4578,12250.0,9500.0,13.619403,131.0,1189.0,4764.0,151360,4,1,Indiana University-Northwest,IN
1197,1744.0,0.3954,10500.0,9000.0,15.8690176,85.0,772.0,2708.0,151333,4,1,Indiana University-Kokomo,IN
1198,2088.0,0.4334,12500.0,8546.5,20.971564,126.0,665.0,3132.0,151388,4,1,Indiana University-East,IN
1300,6395.0,0.5642,13250.0,13000.0,6.7717664,341.0,3066.0,11786.0,166638,4,1,University of Massachusetts-Boston,MA
1305,876.0,0.7741,21739.0,11000.0,35.59322029999999,41.0,649.0,1261.0,166948,4,1,Mount Ida College,MA
1306,1154.0,0.6356,17131.0,16708.5,43.3333333,52.0,648.0,1785.0,166452,4,1,Lesley University,MA
1308,1104.0,0.735,19500.0,17500.0,68.20809249999999,25.0,576.0,2722.0,166850,4,1,Merrimack College,MA
1315,2334.0,0.5427,13075.0,10000.0,41.9499106,79.0,1236.0,5033.0,168430,4,1,Worcester State University,MA
1316,3024.0,0.6121,15000.0,14500.0,59.7810219,75.0,1573.0,5524.0,168263,4,1,Westfield State University,MA
1317,2760.0,0.5983,20000.0,20000.0,57.531226999999994,145.0,1948.0,5535.0,168005,4,1,Suffolk University,MA
1320,931.0,0.8456,17262.5,17500.0,46.6666667,45.0,539.0,1483.0,167288,4,1,Massachusetts College of Liberal Arts,MA
1321,955.0,0.5554,19500.0,17375.0,41.8981482,49.0,378.0,1765.0,168740,4,1,Andrews University,MI
1327,5374.0,0.4235,25000.0,25000.0,79.03402849999999,249.0,3445.0,16460.0,164988,4,1,Boston University,MA
1328,2130.0,0.6887,15000.0,13000.0,47.014218,79.0,1215.0,4148.0,165820,4,1,Fitchburg State University,MA
1330,2655.0,0.4131,19000.0,19000.0,89.4290124,134.0,2081.0,9465.0,164924,4,1,Boston College,MA
1331,1097.0,0.8331,21514.0,13875.0,46.8531469,48.0,730.0,1513.0,164447,4,1,American International College,MA
1333,991.0,0.8689,20421.0,19531.5,49.80694979999999,33.0,574.0,1667.0,166391,4,1,Lasell College,MA
1335,1446.0,0.5678,20000.0,23000.0,81.7829457,56.0,1081.0,3720.0,165662,4,1,Emerson College,MA
1336,1101.0,0.7146,24250.0,23250.0,68.8149688,25.0,763.0,2181.0,164562,4,1,Assumption College,MA
1355,10909.0,0.642,18500.0,17887.0,53.078238600000006,311.0,5597.0,21137.0,170082,4,1,Grand Valley State University,MI
1356,10717.0,0.7469,19500.0,19249.0,45.4622562,310.0,5603.0,20070.0,169248,4,1,Central Michigan University,MI
1362,4767.0,0.5882,16750.0,17500.0,50.044247799999994,132.0,3161.0,9239.0,174233,4,1,University of Minnesota-Duluth,MN
1365,29626.0,0.7592,6569.0,6334.0,11.6635839,560.0,2587.0,1113.0,173984,4,1,Argosy University-Twin Cities,MN
1373,8409.0,0.6934,14000.0,12500.0,33.60563379999999,376.0,3807.0,12371.0,176372,4,1,University of Southern Mississippi,MS
1379,1898.0,0.5628,10500.0,8500.0,26.057142899999995,80.0,862.0,2638.0,175616,4,1,Delta State University,MS
1380,1807.0,0.6237,12500.0,12500.0,46.4705882,87.0,655.0,2252.0,176035,4,1,Mississippi University for Women,MS
1384,7493.0,0.3987,14948.0,14020.0,35.56701029999999,268.0,3415.0,16113.0,171571,4,1,Oakland University,MI
1390,1733.0,0.6161,18750.0,17960.0,54.2138365,65.0,862.0,2871.0,169716,4,1,University of Detroit Mercy,MI
1391,2438.0,0.74,16724.0,17675.0,33.299075,124.0,1170.0,2860.0,172334,4,1,Spring Arbor University,MI
1392,1539.0,0.5545,22500.0,21000.0,62.278481,75.0,938.0,3895.0,169080,4,1,Calvin College,MI
1395,1031.0,0.8721,12500.0,15500.0,29.0816327,57.0,317.0,1041.0,170842,4,1,Marygrove College,MI
1398,2480.0,0.7682,20541.0,12000.0,50.7136061,86.0,1249.0,3479.0,175005,4,1,St Catherine University,MN
1399,1609.0,0.2639,15000.0,12000.0,38.7362637,63.0,935.0,2426.0,175078,4,1,Southwest Minnesota State University,MN
1421,1026.0,0.6967,21522.0,19665.5,47.865168499999996,56.0,791.0,1242.0,177418,4,1,Fontbonne University,MO
1422,969.0,0.7291,16250.0,15000.0,49.249249299999995,29.0,434.0,1336.0,176628,4,1,Avila University,MO
1427,1233.0,0.5946,14780.0,16875.5,48.6445783,46.0,781.0,2312.0,147013,4,1,McKendree University,IL
1428,2040.0,0.7045,17625.0,16750.0,50.1072961,71.0,1142.0,3325.0,147828,4,1,Olivet Nazarene University,IL
1436,1148.0,0.7873,14150.0,11500.0,49.1935484,26.0,411.0,1563.0,144351,4,1,Concordia University-Chicago,IL
1440,979.0,0.4559,22454.5,19092.0,67.3179396,56.0,700.0,2855.0,145725,4,1,Illinois Institute of Technology,IL
1441,683.0,0.8301,16213.0,15000.0,42.5219941,43.0,485.0,1020.0,146339,4,1,Judson University,IL
1442,2526.0,0.785,12000.0,11000.0,63.0,129.0,986.0,3179.0,145336,4,1,Governors State University,IL
1446,9515.0,0.6958,16409.0,14250.0,49.27172279999999,303.0,4447.0,10625.0,151801,4,1,Indiana Wesleyan University-Marion,IN
1447,2210.0,0.8421,16400.0,15000.0,47.3166369,109.0,1407.0,2125.0,153001,4,1,Buena Vista University,IA
1448,1484.0,0.5311,20000.0,22875.5,64.2666667,49.0,934.0,3310.0,153269,4,1,Drake University,IA
1449,1366.0,0.601,23052.0,21500.0,61.7083947,58.0,821.0,3209.0,152600,4,1,Valparaiso University,IN
1450,1044.0,0.6903,17722.0,13442.0,55.95505620000001,42.0,604.0,1434.0,153366,4,1,Graceland University-Lamoni,IA
1451,1225.0,0.8222,18268.0,14075.0,41.001855299999995,26.0,654.0,1687.0,153278,4,1,University of Dubuque,IA
1457,979.0,0.74,15668.5,14740.0,48.1308411,57.0,791.0,1281.0,140818,4,1,Piedmont College,GA
1459,789.0,0.5408,10050.0,7500.0,8.6261981,45.0,361.0,1191.0,140872,4,1,Reinhardt University,GA
1469,1199.0,0.6083,15050.0,15000.0,50.402576499999995,48.0,769.0,1431.0,152567,4,1,Trine University,IN
1470,1377.0,0.7907,19274.0,16471.5,51.821192100000005,33.0,703.0,1878.0,152336,4,1,University of Saint Francis-Fort Wayne,IN
1473,745.0,0.4475,20190.0,17392.5,66.1375661,49.0,639.0,1873.0,152530,4,1,Taylor University,IN
1482,8786.0,0.4722,16500.0,16750.0,61.440678000000005,254.0,5821.0,21314.0,153658,4,1,University of Iowa,IA
1491,5537.0,0.6629,17398.0,15000.0,46.305808,209.0,2587.0,9930.0,187444,4,1,William Paterson University of New Jersey,NJ
1496,2381.0,0.6559999999999999,21250.0,20453.0,61.5008157,98.0,1522.0,4192.0,186283,4,1,Rider University,NJ
1499,5933.0,0.3043,15813.5,15190.0,34.4839142,406.0,3915.0,4067.0,192448,4,1,LIU Post,NY
1601,290.0,0.1424,4900.0,3500.0,17.617866,149.0,420.0,1173.0,188058,4,1,Northern New Mexico College,NM
1603,1226.0,0.7475,19493.0,18302.0,57.49235470000001,37.0,596.0,1855.0,190716,4,1,D'Youville College,NY
1604,764.0,0.7792,22000.0,15000.0,50.267379700000006,32.0,485.0,1317.0,190983,4,1,Elmira College,NY
1616,19943.0,0.5501,17750.0,18083.0,66.2120696,979.0,10483.0,6748.0,186399,4,1,Rutgers University-Newark,NJ
1622,7797.0,0.4131,19550.0,19500.0,70.5034213,504.0,4882.0,22172.0,193900,4,1,New York University,NY
1626,2462.0,0.5407,15808.5,14250.0,37.5396825,299.0,2035.0,4307.0,194091,4,1,New York Institute of Technology,NY
1627,6090.0,0.7054,11175.0,9500.0,46.571428600000004,643.0,3733.0,6426.0,193308,4,1,Monroe College,NY
1628,1777.0,0.8471,13000.0,10615.0,28.2552083,146.0,968.0,1818.0,194161,4,1,Nyack College,NY
1629,1562.0,0.644,19500.0,19716.5,58.2109479,52.0,1091.0,3172.0,193973,4,1,Niagara University,NY
1630,9615.0,0.5528,16762.5,15050.0,53.1221092,354.0,5232.0,20625.0,198464,4,1,East Carolina University,NC
1631,8134.0,0.4677,13970.5,14494.0,60.0103199,357.0,5373.0,19365.0,196088,4,1,University at Buffalo,NY
1632,5941.0,0.6466,14306.0,13395.0,47.4202308,273.0,3461.0,9190.0,196130,4,1,SUNY Buffalo State,NY
1637,4455.0,0.7085,16000.0,16000.0,25.108225100000002,156.0,2768.0,7040.0,196121,4,1,SUNY College at Brockport,NY
1640,2967.0,0.705,18750.0,17750.0,58.218682099999995,76.0,1724.0,5049.0,196158,4,1,SUNY at Fredonia,NY
1642,1304.0,0.4891,23241.0,21500.0,52.7295285,44.0,882.0,3996.0,198695,4,1,High Point University,NC
1645,7889.0,0.6316,12500.0,12500.0,41.3875598,361.0,2968.0,11484.0,202134,4,1,Cleveland State University,OH
1646,9413.0,0.6873,15000.0,14250.0,41.861013,350.0,5098.0,14161.0,201441,4,1,Bowling Green State University-Main Campus,OH
1651,5644.0,0.698,12500.0,10500.0,14.7701583,299.0,2572.0,5129.0,202806,4,1,Franklin University,OH
1653,1685.0,0.8294,14250.0,12250.0,16.7227834,102.0,852.0,2028.0,201690,4,1,Central State University,OH
1655,711.0,0.7123,25382.0,26899.0,57.3170732,52.0,581.0,1277.0,202170,4,1,Columbus College of Art and Design,OH
1658,7746.0,0.5872,14162.0,13000.0,50.2971367,337.0,3745.0,14138.0,199148,4,1,University of North Carolina at Greensboro,NC
1660,5333.0,0.7788,18000.0,14762.5,9.2485549,198.0,2759.0,8577.0,199102,4,1,North Carolina A & T State University,NC
1661,8015.0,0.424,16112.0,15364.0,63.0681818,297.0,4588.0,22977.0,199193,4,1,North Carolina State University at Raleigh,NC
1662,5322.0,0.5109,15000.0,15000.0,62.5864172,217.0,2915.0,12178.0,199218,4,1,University of North Carolina Wilmington,NC
1664,1966.0,0.9217,15250.0,9500.0,24.885321100000002,136.0,970.0,1923.0,199643,4,1,Shaw University,NC
1673,1281.0,0.4736,21982.0,23250.0,62.283237,150.0,1079.0,3469.0,197151,4,1,School of Visual Arts,NY
1676,769.0,0.2656,11000.0,11000.0,47.4226804,76.0,392.0,2887.0,197708,4,1,Yeshiva University,NY
1687,2257.0,0.5886,19500.0,15000.0,40.4011461,64.0,1139.0,3118.0,201104,4,1,Ashland University,OH
1688,1980.0,0.7876,21918.0,23000.0,58.1369248,77.0,1053.0,3331.0,201195,4,1,Baldwin Wallace University,OH
1698,985.0,0.8905,14000.0,9500.0,34.6604216,36.0,489.0,1393.0,198899,4,1,Mars Hill University,NC
1703,1310.0,0.3375,19900.0,19500.0,13.9183056,43.0,865.0,5599.0,198516,4,1,Elon University,NC
1709,1167.0,0.6239,18006.0,14185.0,54.3230016,51.0,606.0,1703.0,199412,4,1,Queens University of Charlotte,NC
1725,4387.0,0.5201,11000.0,8884.0,33.2228666,352.0,2646.0,7215.0,207263,4,1,Northeastern State University,OK
1729,2109.0,0.4532,10306.0,8876.5,31.9432121,185.0,1220.0,3757.0,207041,4,1,East Central University,OK
1735,12939.0,0.5512,14000.0,13500.0,35.056940600000004,567.0,6674.0,23840.0,229027,4,1,The University of Texas at San Antonio,TX
1736,10817.0,0.4932,15000.0,15500.0,46.7707317,404.0,5536.0,26809.0,229115,4,1,Texas Tech University,TX
1738,12002.0,0.4008,18750.0,19000.0,67.9317203,547.0,7280.0,39323.0,228778,4,1,The University of Texas at Austin,TX
1739,5709.0,0.7603,12000.0,9797.5,36.922458799999994,188.0,2050.0,9400.0,228705,4,1,Texas A & M University-Kingsville,TX
1740,5568.0,0.6135,12338.5,11533.0,48.4020185,206.0,2471.0,9220.0,229179,4,1,Texas Woman's University,TX
1742,1441.0,0.5858,8000.0,7000.0,17.624521100000003,85.0,768.0,2000.0,228501,4,1,Sul Ross State University,TX
1744,1486.0,0.2456,7447.0,7250.0,38.379814100000004,114.0,942.0,2947.0,229018,4,1,The University of Texas of the Permian Basin,TX
1748,7689.0,0.6009,15000.0,14000.0,49.206798899999995,336.0,4357.0,16255.0,227881,4,1,Sam Houston State University,TX
1749,4777.0,0.7982,14494.0,12250.0,27.023189800000004,128.0,1792.0,6731.0,227526,4,1,Prairie View A & M University,TX
1754,2048.0,0.5887,20250.0,18625.0,57.1146245,95.0,1162.0,4077.0,227845,4,1,Saint Edward's University,TX
1756,1630.0,0.3247,18250.0,17000.0,70.624235,81.0,1073.0,6295.0,228246,4,1,Southern Methodist University,TX
1757,643.0,0.4209,18500.0,15500.0,50.6963788,34.0,321.0,1529.0,227863,4,1,University of St Thomas,TX
1759,633.0,0.1798,7539.0,8000.0,81.0945274,41.0,431.0,3920.0,227757,4,1,Rice University,TX
1760,748.0,0.9082,14128.0,11529.0,45.799458,36.0,400.0,1051.0,228042,4,1,Schreiner University,TX
1761,11199.0,0.4299,14000.0,13519.0,42.6816157,671.0,6751.0,30357.0,225511,4,1,University of Houston,TX
1768,1144.0,0.5765,11500.0,8000.0,32.20588239999999,58.0,541.0,2165.0,225399,4,1,Houston Baptist University,TX
1769,1666.0,0.4932,10000.0,8250.0,24.080267600000003,63.0,517.0,2879.0,225502,4,1,University of Houston-Victoria,TX
1772,6748.0,0.1918,6500.0,8049.0,46.9195225,1480.0,5690.0,27765.0,230038,4,1,Brigham Young University-Provo,UT
1773,3710.0,0.512,12500.0,9295.0,39.4579946,179.0,1930.0,6890.0,229814,4,1,West Texas A & M University,TX
1784,2100.0,0.6157,14774.0,12750.0,48.498331500000006,120.0,1123.0,3375.0,224226,4,1,Dallas Baptist University,TX
1788,834.0,0.722,11250.0,10250.0,40.16853929999999,48.0,541.0,1132.0,224527,4,1,East Texas Baptist University,TX
1792,1148.0,0.7106,12500.0,12000.0,37.5,39.0,428.0,1493.0,224004,4,1,Concordia University-Texas,TX
1796,1296.0,0.7749,14561.0,11750.0,41.776937600000004,67.0,551.0,1509.0,227331,4,1,Our Lady of the Lake University,TX
1801,828.0,0.3971,7500.0,6455.0,53.1976744,43.0,386.0,1392.0,224545,4,1,Texas A&M University-Texarkana,TX
1807,9071.0,0.3227,6500.0,6500.0,31.825273,721.0,3835.0,20775.0,230728,4,1,Utah State University,UT
1808,8294.0,0.2732,6500.0,6436.0,26.1109832,473.0,3607.0,17314.0,230782,4,1,Weber State University,UT
1818,3556.0,0.7909,10167.0,12168.0,48.1704261,184.0,2470.0,4104.0,204486,4,1,University of Northwestern Ohio,OH
1819,1386.0,0.7211,18750.0,15375.0,42.739726,57.0,806.0,1571.0,203775,4,1,Malone University,OH
1821,1122.0,0.7284,25000.0,24971.0,62.18057920000001,32.0,877.0,2205.0,204635,4,1,Ohio Northern University,OH
1822,9708.0,0.7804,19148.0,19000.0,49.388601,496.0,7038.0,9067.0,217235,4,1,Johnson & Wales University-Providence,RI
1823,9102.0,0.4922,17535.0,17246.5,60.266535,318.0,4986.0,23987.0,218663,4,1,University of South Carolina-Columbia,SC
1832,767.0,0.6225,18097.0,15250.0,50.7109005,52.0,491.0,1290.0,220215,4,1,Freed-Hardeman University,TN
1839,5387.0,0.7748,13000.0,11000.0,24.863138699999997,170.0,1967.0,6669.0,221838,4,1,Tennessee State University,TN
1843,1388.0,0.5863,14525.0,15000.0,37.4592834,80.0,601.0,2693.0,221661,4,1,Southern Adventist University,TN
1846,1615.0,0.5601,19165.0,17938.5,47.3684211,88.0,1130.0,3647.0,222178,4,1,Abilene Christian University,TX
1851,3898.0,0.4288,15000.0,14750.0,60.468833200000006,181.0,1961.0,10150.0,217819,4,1,College of Charleston,SC
1852,3950.0,0.7063,17750.0,15000.0,51.43295799999999,120.0,2330.0,6493.0,216010,4,1,Shippensburg University of Pennsylvania,PA
1853,5287.0,0.4174,19044.0,18750.0,67.4454829,164.0,2912.0,16801.0,217882,4,1,Clemson University,SC
1855,2632.0,0.6847,20500.0,17187.0,51.4423077,61.0,1713.0,4847.0,217059,4,1,York College Pennsylvania,PA
1856,2951.0,0.7645,13957.0,11777.0,37.844036700000004,240.0,2224.0,2860.0,217305,4,1,New England Institute of Technology,RI
1864,973.0,0.6586,16250.0,11000.0,41.7376491,57.0,630.0,1688.0,219806,4,1,Carson-Newman University,TN
1865,1227.0,0.4321,11251.5,10500.0,31.021897800000005,38.0,614.0,1743.0,219082,4,1,Dakota State University,SD
1874,2678.0,0.6564,18000.0,16500.0,48.5216073,100.0,1564.0,4704.0,218964,4,1,Winthrop University,SC
1875,2364.0,0.8187,20475.0,14500.0,24.0146654,138.0,1544.0,2876.0,218733,4,1,South Carolina State University,SC
1889,1153.0,0.2317,14195.0,14653.0,89.133627,75.0,763.0,6182.0,217156,4,1,Brown University,RI
1892,505.0,0.3907,23000.0,26000.0,84.83754509999999,78.0,568.0,2005.0,217493,4,1,Rhode Island School of Design,RI
1898,4536.0,0.4916,20500.0,18412.0,61.11560229999999,187.0,2318.0,13221.0,223232,4,1,Baylor University,TX
1905,11441.0,0.5513,20500.0,20500.0,62.9524486,456.0,7047.0,18304.0,215293,4,1,University of Pittsburgh-Pittsburgh Campus,PA
1909,1109.0,0.6763,25000.0,24000.0,59.578544099999995,78.0,885.0,1865.0,215105,4,1,The University of the Arts,PA
1910,748.0,0.7718,16697.0,17750.0,54.0697674,43.0,468.0,1344.0,213358,4,1,La Roche College,PA
1913,1073.0,0.4301,7497.5,5969.0,26.516464499999998,87.0,661.0,2005.0,207306,4,1,Northwestern Oklahoma State University,OK
1916,5102.0,0.7577,10317.5,9500.0,18.427371,62.0,707.0,3309.0,206048,4,1,Tiffin University,OH
1921,1388.0,0.8373,19500.0,19316.5,56.2218891,32.0,723.0,2280.0,206437,4,1,Walsh University,OH
1924,1100.0,0.7649,20750.0,15625.0,70.6099815,90.0,654.0,2055.0,205957,4,1,Franciscan University of Steubenville,OH
1926,832.0,0.8123,16310.0,12498.0,55.408970999999994,37.0,527.0,1110.0,206835,4,1,Oklahoma Wesleyan University,OK
1930,1313.0,0.6131,20000.0,19500.0,51.4705882,70.0,816.0,2169.0,210775,4,1,Alvernia University,PA
1933,1306.0,0.5196,22000.0,20750.0,77.9160187,45.0,854.0,3468.0,209825,4,1,University of Portland,OR
1940,671.0,0.6158,16805.0,17426.0,70.3947368,49.0,533.0,1985.0,209056,4,1,Lewis & Clark College,OR
1944,4717.0,0.6848,17750.0,15000.0,53.454545499999995,133.0,2497.0,9245.0,211158,4,1,Bloomsburg University of Pennsylvania,PA
1946,1331.0,0.7181,20688.0,22500.0,53.075571200000006,44.0,733.0,2018.0,212984,4,1,Holy Family University,PA
1947,1029.0,0.8636,14250.0,12250.0,16.0747664,57.0,516.0,1178.0,211608,4,1,Cheyney University of Pennsylvania,PA
1948,1140.0,0.833,21500.0,18625.0,54.3165468,57.0,515.0,1510.0,211583,4,1,Chestnut Hill College,PA
1949,1235.0,0.7321,23190.0,21500.0,70.78464109999999,37.0,682.0,1808.0,212197,4,1,Elizabethtown College,PA
1956,1126.0,0.8113,18750.0,12500.0,42.0262664,36.0,611.0,1641.0,204264,4,1,Muskingum University,OH
1958,1520.0,0.823,17191.5,13875.0,25.255474500000002,78.0,572.0,1747.0,203757,4,1,Lourdes University,OH
1959,1414.0,0.7526,12500.0,9500.0,22.255192899999997,36.0,614.0,1792.0,204468,4,1,Notre Dame College,OH
1968,906.0,0.625,15000.0,14500.0,53.7234043,42.0,628.0,1286.0,211352,4,1,Cabrini University,PA
1969,1080.0,0.6302,19313.0,17701.0,47.0588235,41.0,566.0,1496.0,211431,4,1,Carlow University,PA
1983,913.0,0.6303,26429.5,21500.0,59.2274678,26.0,590.0,1665.0,215743,4,1,Saint Francis University,PA
1993,6353.0,0.6315,18957.0,18229.0,53.07539679999999,209.0,3307.0,13456.0,216764,4,1,West Chester University of Pennsylvania,PA
1994,4563.0,0.7326,19500.0,19082.0,55.0955414,135.0,2733.0,7544.0,216038,4,1,Slippery Rock University of Pennsylvania,PA
1998,10325.0,0.5255,17812.5,15841.0,53.237885500000004,395.0,5092.0,22049.0,234030,4,1,Virginia Commonwealth University,VA
2102,14074.0,0.2217,4500.0,4500.0,16.288788099999998,4874.0,9873.0,5353.0,242662,4,1,Inter American University of Puerto Rico-Ponce,PR
2103,14074.0,0.221,4500.0,4500.0,16.288788099999998,4874.0,9873.0,4681.0,242705,4,1,Inter American University of Puerto Rico-Bayamon,PR
2104,14074.0,0.2076,4500.0,4500.0,16.288788099999998,4874.0,9873.0,2159.0,242680,4,1,Inter American University of Puerto Rico-Fajardo,PR
2105,14074.0,0.4977,4500.0,4500.0,16.288788099999998,4874.0,9873.0,2054.0,242699,4,1,Inter American University of Puerto Rico-Guayama,PR
2106,2330.0,0.3958,8000.0,7250.0,29.7840655,434.0,963.0,5097.0,243443,4,1,Universidad del Sagrado Corazon,PR
2107,1552.0,0.3376,7333.0,6332.0,9.607843099999998,383.0,1045.0,3840.0,243577,4,1,Universidad Politecnica de Puerto Rico,PR
2109,794.0,0.3103,5500.0,5500.0,18.043844899999996,87.0,452.0,2023.0,243665,4,1,University of the Virgin Islands,VI
2129,57296.0,0.6497,9500.0,9500.0,22.9498118,11499.0,35383.0,40209.0,260901,4,1,Kaplan University-Davenport Campus,IA
2142,2502.0,0.6536,16203.0,16986.0,55.18630410000001,141.0,1220.0,3398.0,179894,4,1,Webster University,MO
2144,1320.0,0.4962,10353.0,9500.0,23.8744884,93.0,662.0,1825.0,180416,4,1,Montana Tech of the University of Montana,MT
2149,534.0,0.6207,15000.0,14971.0,54.768392399999996,36.0,444.0,1001.0,179964,4,1,William Woods University,MO
2151,551.0,0.5749,12500.0,12475.0,33.4437086,33.0,263.0,1032.0,180258,4,1,University of Great Falls,MT
2155,5485.0,0.4536,10474.0,9871.0,37.8517824,220.0,2548.0,6134.0,180814,4,1,Bellevue University,NE
2158,1009.0,0.6626,18000.0,18750.0,49.122807,26.0,514.0,1892.0,181446,4,1,Nebraska Wesleyan University,NE
2166,1082.0,0.6479,14000.0,9500.0,24.8686515,76.0,665.0,1411.0,178369,4,1,Missouri Valley College,MO
2187,926.0,0.836,15250.0,14750.0,45.301204799999994,39.0,502.0,1570.0,183910,4,1,Caldwell University,NJ
2189,739.0,0.6039,25250.0,19815.0,61.66666670000001,37.0,370.0,1453.0,184348,4,1,Drew University,NJ
2193,757.0,0.3717,23250.0,21789.5,81.33971290000001,42.0,466.0,2894.0,204501,4,1,Oberlin College,OH
2289,6320.0,0.4633,15500.0,14594.0,59.3396515,410.0,3824.0,15724.0,196097,4,1,Stony Brook University,NY
2290,6630.0,0.6069,15750.0,15000.0,62.1368625,301.0,4044.0,12542.0,196060,4,1,SUNY at Albany,NY
2295,2850.0,0.6525,13000.0,12440.0,32.700421899999995,443.0,2014.0,3207.0,193645,4,1,The College of New Rochelle,NY
2297,4612.0,0.4836,15975.0,16000.0,71.2837838,268.0,2947.0,12940.0,196079,4,1,SUNY at Binghamton,NY
2389,6320.0,0.4633,15500.0,14594.0,59.3396515,410.0,3824.0,15724.0,196097,4,1,Stony Brook University,NY
2390,6630.0,0.6069,15750.0,15000.0,62.1368625,301.0,4044.0,12542.0,196060,4,1,SUNY at Albany,NY
2395,2850.0,0.6525,13000.0,12440.0,32.700421899999995,443.0,2014.0,3207.0,193645,4,1,The College of New Rochelle,NY
2397,4612.0,0.4836,15975.0,16000.0,71.2837838,268.0,2947.0,12940.0,196079,4,1,SUNY at Binghamton,NY
2402,993.0,0.5446,10875.0,12500.0,41.4191419,88.0,880.0,1714.0,196112,4,1,SUNY Polytechnic Institute,NY
2403,1541.0,0.7079,22500.0,21500.0,71.35549870000001,36.0,1036.0,3102.0,195474,4,1,Siena College,NY
2404,2605.0,0.3851,7337.5,6500.0,21.187308100000003,340.0,1774.0,3767.0,187648,4,1,Eastern New Mexico University-Main Campus,NM
2405,7141.0,0.6066,17000.0,18162.0,61.915511099999996,313.0,3839.0,15182.0,185590,4,1,Montclair State University,NJ
2407,4113.0,0.667,17792.0,16750.0,64.3709328,177.0,2408.0,7491.0,186876,4,1,Stockton University,NJ
2408,3641.0,0.564,11000.0,11000.0,34.9066959,216.0,1813.0,6373.0,185129,4,1,New Jersey City University,NJ
2410,5240.0,0.5836,17250.0,15250.0,54.757125699999996,174.0,3131.0,10656.0,184782,4,1,Rowan University,NJ
2412,2612.0,0.6063,19500.0,16750.0,65.0470219,86.0,1614.0,5397.0,186201,4,1,Ramapo College of New Jersey,NJ
2413,2444.0,0.5785,19000.0,17500.0,56.603773600000004,88.0,1378.0,5632.0,186584,4,1,Seton Hall University,NJ
2414,2416.0,0.6716,21635.5,21125.0,65.1909722,100.0,1545.0,4557.0,185572,4,1,Monmouth University,NJ
2417,11061.0,0.3877,11000.0,10720.0,27.2485531,851.0,4664.0,20847.0,187985,4,1,University of New Mexico-Main Campus,NM
2426,3919.0,0.3154,10505.0,11291.5,88.25739779999999,181.0,2394.0,14309.0,190415,4,1,Cornell University,NY
2433,2772.0,0.2383,5500.0,6863.0,31.8241184,361.0,2727.0,9020.0,190637,4,1,CUNY Lehman College,NY
2436,1119.0,0.1087,5500.0,5500.0,25.080906199999998,278.0,1737.0,7361.0,190691,4,1,CUNY York College,NY
2437,3252.0,0.5467,20000.0,20500.0,73.6374408,169.0,1938.0,8193.0,191241,4,1,Fordham University,NY
2444,5090.0,0.3853,9997.5,9497.5,46.2758925,213.0,2232.0,15310.0,182290,4,1,University of Nevada-Reno,NV
2446,14392.0,0.6931,5500.0,5284.5,41.6851441,146.0,1565.0,17172.0,183026,4,1,Southern New Hampshire University,NH
2447,2773.0,0.5002,11000.0,11970.0,42.3577236,86.0,1456.0,5247.0,181215,4,1,University of Nebraska at Kearney,NE
2449,2632.0,0.752,19499.0,18750.0,51.37931029999999,69.0,1494.0,3986.0,183080,4,1,Plymouth State University,NH
2451,1114.0,0.7249,7880.0,8750.5,31.8181818,30.0,378.0,1465.0,182980,4,1,New England College,NH
2456,4996.0,0.5677,11494.5,12500.0,36.839749299999994,267.0,1756.0,6897.0,193016,4,1,Mercy College,NY
2459,3345.0,0.5565,16250.0,14500.0,51.6717325,207.0,2476.0,6748.0,191649,4,1,Hofstra University,NY
2463,626.0,0.6783,18750.0,18750.0,51.566951599999996,49.0,476.0,1047.0,191676,4,1,Houghton College,NY
2465,806.0,0.677,18750.0,14625.0,44.88372089999999,39.0,564.0,1508.0,192271,4,1,LIM College,NY
2471,2761.0,0.6255,19500.0,19500.0,60.0814664,104.0,1898.0,5759.0,196185,4,1,SUNY Oneonta,NY
2472,3610.0,0.6861,18500.0,16197.0,65.1324086,90.0,1931.0,6394.0,196149,4,1,SUNY Cortland,NY
2473,2298.0,0.7322,17000.0,15750.0,47.9014599,107.0,1361.0,3683.0,196200,4,1,SUNY College at Potsdam,NY
2474,2132.0,0.4918,17500.0,17965.5,59.558117200000005,87.0,1248.0,5463.0,196167,4,1,SUNY College at Geneseo,NY
2475,2638.0,0.0689,4500.0,4345.0,22.8205128,47.0,306.0,37440.0,196680,4,1,Excelsior College,NY
2477,615.0,0.3211,19500.0,19250.0,83.0,36.0,423.0,2646.0,195526,4,1,Skidmore College,NY
2484,1258.0,0.3826,8250.0,7906.0,21.0893855,128.0,512.0,2166.0,188304,4,1,Western New Mexico University,NM
2485,1267.0,0.4225,7991.0,5909.0,26.890756300000003,116.0,798.0,2221.0,187897,4,1,New Mexico Highlands University,NM
2486,1581.0,0.6311,18250.0,18750.0,64.52991449999999,46.0,1037.0,2858.0,189705,4,1,Canisius College,NY
2488,1089.0,0.7783,22125.0,17751.0,57.4898785,46.0,691.0,1905.0,188641,4,1,Alfred University,NY
2494,133.0,0.1003,4500.0,4200.0,21.7659138,191.0,687.0,1050.0,189413,4,1,Boricua College,NY
2499,1068.0,0.4704,11250.0,9076.0,38.075313799999996,57.0,584.0,1534.0,181534,4,1,Peru State College,NE
2509,1974.0,0.7779,18725.0,15750.0,55.529685699999995,60.0,1162.0,2792.0,195234,4,1,The College of Saint Rose,NY
2510,1106.0,0.4808,21664.0,23750.0,58.5987261,110.0,901.0,3247.0,194578,4,1,Pratt Institute-Main,NY
2511,1048.0,0.8074,18750.0,17095.0,50.965251,27.0,623.0,1302.0,194958,4,1,Roberts Wesleyan College,NY
2516,539.0,0.6127,13125.0,13126.0,80.0664452,41.0,349.0,1402.0,195304,4,1,Sarah Lawrence College,NY
2527,6667.0,0.4162,11250.0,9500.0,32.7757125,356.0,3551.0,15119.0,206941,4,1,University of Central Oklahoma,OK
2528,8537.0,0.3806,14000.0,12500.0,50.134573,375.0,4637.0,20528.0,207500,4,1,University of Oklahoma-Norman Campus,OK
2534,798.0,0.3177,20719.0,18000.0,52.3385301,48.0,544.0,3394.0,207971,4,1,University of Tulsa,OK
2552,8697.0,0.6136,12500.0,11830.5,31.5445321,342.0,3903.0,12161.0,206604,4,1,Wright State University-Main Campus,OH
2554,3546.0,0.7268,9563.0,8943.0,24.922311999999998,262.0,1388.0,4110.0,205443,4,1,Shawnee State University,OH
2556,2731.0,0.4073,8149.0,5500.0,16.9449598,246.0,1333.0,5043.0,206914,4,1,Cameron University,OK
2558,2024.0,0.5802,21000.0,20393.5,61.8595825,59.0,888.0,4452.0,206622,4,1,Xavier University,OH
2560,816.0,0.5139,14250.0,11335.0,39.3188855,27.0,409.0,1008.0,206330,4,1,Urbana University,OH
2562,1358.0,0.7944,16750.0,13000.0,42.469879500000005,73.0,866.0,1694.0,206862,4,1,Southern Nazarene University,OK
2567,12373.0,0.5297,14517.0,15655.0,39.9121201,737.0,5133.0,20085.0,209807,4,1,Portland State University,OR
2572,1458.0,0.8536,24394.0,21000.0,48.4375,46.0,846.0,2333.0,210571,4,1,Albright College,PA
2573,1334.0,0.7796,21250.0,18750.0,55.671641799999996,70.0,809.0,2400.0,211088,4,1,Arcadia University,PA
2579,2706.0,0.6791,23224.5,21880.5,71.3141026,53.0,1592.0,7815.0,202480,4,1,University of Dayton,OH
2583,1179.0,0.5278,19500.0,17500.0,52.3349436,72.0,811.0,3108.0,201654,4,1,Cedarville University,OH
2585,770.0,0.7378,22322.0,17916.0,55.3846154,28.0,426.0,1260.0,203128,4,1,Hiram College,OH
2586,1395.0,0.6694,23460.0,21500.0,68.33810890000001,47.0,771.0,3009.0,203368,4,1,John Carroll University,OH
2589,2870.0,0.7138,6250.0,5500.0,25.9705489,62.0,323.0,3155.0,201964,4,1,Ohio Christian University,OH
2597,1831.0,0.7808,14375.0,9500.0,15.7068063,135.0,933.0,2062.0,207209,4,1,Langston University,OK
2598,1548.0,0.6733,21919.0,18510.0,40.8432148,112.0,827.0,2884.0,207582,4,1,Oral Roberts University,OK
2600,980.0,0.4877,18000.0,19875.0,53.7070524,43.0,593.0,1954.0,207458,4,1,Oklahoma City University,OK
2607,1304.0,0.5994,18750.0,17465.0,36.977492,83.0,958.0,1483.0,204617,4,1,Ohio Dominican University,OH
2608,2062.0,0.6983,9500.0,8271.5,3.9691289999999997,131.0,947.0,1419.0,205203,4,1,University of Rio Grande,OH
2613,1085.0,0.6543,23250.0,13000.0,15.1103565,53.0,609.0,1655.0,204200,4,1,Mount Saint Joseph University,OH
2614,1164.0,0.8161,24500.0,20170.0,59.484346200000005,29.0,694.0,2056.0,204185,4,1,University of Mount Union,OH
2621,1718.0,0.5068,14972.5,16167.5,39.9527187,63.0,907.0,3443.0,209506,4,1,Oregon Institute of Technology,OR
2623,947.0,0.8608,20877.0,17625.0,67.4129353,39.0,506.0,1729.0,209612,4,1,Pacific University,OR
2646,34627.0,0.522,19500.0,19500.0,55.17092170000001,1399.0,20915.0,39460.0,214777,4,1,Pennsylvania State University-Main Campus,PA
2652,7618.0,0.7292,20685.0,15000.0,41.9753086,279.0,4104.0,12405.0,213020,4,1,Indiana University of Pennsylvania-Main Campus,PA
2657,15316.0,0.5602,12716.0,12000.0,47.712322799999995,641.0,8116.0,31243.0,227216,4,1,University of North Texas,TX
2658,6154.0,0.601,14250.0,11332.0,37.7818403,288.0,3312.0,10715.0,228431,4,1,Stephen F Austin State University,TX
2659,11867.0,0.3511,15250.0,15739.0,68.3977394,464.0,8088.0,43931.0,228723,4,1,Texas A & M University-College Station,TX
2660,5748.0,0.7412,13000.0,13259.0,18.139137899999998,269.0,2233.0,6288.0,229063,4,1,Texas Southern University,TX
2661,4928.0,0.5766,13100.0,13301.0,56.2398042,258.0,2559.0,13042.0,228787,4,1,The University of Texas at Dallas,TX
2663,2907.0,0.4778,10973.0,10412.0,41.3333333,189.0,1709.0,5338.0,228802,4,1,The University of Texas at Tyler,TX
2664,2237.0,0.3421,19500.0,18438.0,67.5313808,94.0,1438.0,8597.0,228875,4,1,Texas Christian University,TX
2667,4572.0,0.5986,12500.0,10750.0,44.85616770000001,199.0,2155.0,6951.0,224554,4,1,Texas A & M University-Commerce,TX
2679,899.0,0.1349,12151.0,11900.0,86.6459627,73.0,942.0,6794.0,221999,4,1,Vanderbilt University,TN
2683,8172.0,0.4396,13350.0,13500.0,55.7592975,382.0,5153.0,20948.0,221759,4,1,The University of Tennessee-Knoxville,TN
2684,5849.0,0.5438,10250.0,9376.0,29.2980244,229.0,2089.0,9175.0,226091,4,1,Lamar University,TX
2685,6607.0,0.4419,11458.0,9159.0,26.8035358,380.0,3341.0,13297.0,225432,4,1,University of Houston-Downtown,TX
2687,705.0,0.6664,12896.0,9500.0,35.714285700000005,50.0,498.0,1059.0,225548,4,1,Howard Payne University,TX
2691,2394.0,0.4457,12975.0,12330.0,58.239861999999995,143.0,1269.0,4691.0,225414,4,1,University of Houston-Clear Lake,TX
2697,2759.0,0.5099,13750.0,11883.0,41.8265541,115.0,1417.0,5192.0,226833,4,1,Midwestern State University,TX
2698,1794.0,0.6876,16396.0,11977.5,43.337334899999995,91.0,917.0,3006.0,226471,4,1,University of Mary Hardin-Baylor,TX
2700,1197.0,0.7878,15328.0,14000.0,49.390243899999994,76.0,673.0,1466.0,226383,4,1,Lubbock Christian University,TX
2703,834.0,0.6637,19750.0,12029.5,36.6935484,55.0,606.0,1157.0,226587,4,1,McMurry University,TX
2720,1497.0,0.5766,12500.0,13150.5,49.6159754,41.0,599.0,2874.0,219976,4,1,Lipscomb University,TN
2725,1969.0,0.6481,18250.0,19500.0,64.699793,77.0,1097.0,5465.0,219709,4,1,Belmont University,TN
2726,1404.0,0.753,20691.5,13714.0,43.597122299999995,88.0,922.0,1844.0,221953,4,1,Tusculum College,TN
2727,1056.0,0.713,12000.0,11624.0,15.8139535,64.0,576.0,1448.0,221892,4,1,Trevecca Nazarene University,TN
2728,664.0,0.6516,18000.0,18500.0,41.715976299999994,39.0,419.0,1156.0,219833,4,1,Christian Brothers University,TN
2732,805.0,0.4577,9443.0,8859.0,34.01162789999999,40.0,502.0,1209.0,219790,4,1,Bryan College-Dayton,TN
2739,4578.0,0.6922,10250.0,9500.0,36.7595819,174.0,2330.0,10184.0,221740,4,1,The University of Tennessee-Chattanooga,TN
2740,12234.0,0.4234,6500.0,8000.0,20.6876791,910.0,4872.0,24243.0,230737,4,1,Utah Valley University,UT
2742,14226.0,0.6583,21000.0,19595.0,63.277080600000005,753.0,8626.0,27511.0,216339,4,1,Temple University,PA
2746,2380.0,0.5873,11000.0,10812.0,24.0265907,100.0,1154.0,3156.0,219046,4,1,Black Hills State University,SD
2748,823.0,0.5507,12250.0,12437.5,37.3056995,26.0,397.0,2194.0,219347,4,1,South Dakota School of Mines and Technology,SD
2760,1882.0,0.7758,18829.0,16000.0,47.3633749,109.0,1193.0,2640.0,213783,4,1,Mansfield University of Pennsylvania,PA
2761,1552.0,0.7216,23000.0,25321.0,61.892247,54.0,1024.0,2791.0,215099,4,1,Philadelphia University,PA
2762,2123.0,0.5054,19500.0,18508.0,69.44151740000001,52.0,1053.0,5265.0,215770,4,1,Saint Joseph's University,PA
2763,2026.0,0.7461,12250.0,9500.0,27.132867100000002,126.0,700.0,1754.0,214883,4,1,Peirce College,PA
2769,3369.0,0.6512,14150.0,12500.0,46.0598656,145.0,1921.0,4952.0,218742,4,1,University of South Carolina-Upstate,SC
2771,1705.0,0.6743,14025.0,13250.0,36.8743616,63.0,800.0,2750.0,218229,4,1,Lander University,SC
2773,1728.0,0.5839,12500.0,10986.0,41.087963,73.0,964.0,2956.0,218645,4,1,University of South Carolina-Aiken,SC
2780,1963.0,0.7398,14250.0,12000.0,35.117773,100.0,1057.0,2904.0,217688,4,1,Charleston Southern University,SC
2782,2017.0,0.7225,19250.0,18355.0,56.1514196,78.0,1275.0,3188.0,216852,4,1,Widener University,PA
2783,1354.0,0.7381,18750.0,17500.0,48.822606,38.0,888.0,2281.0,216931,4,1,Wilkes University,PA
2784,1767.0,0.5586,19625.0,19500.0,61.83465460000001,50.0,1201.0,4403.0,217518,4,1,Roger Williams University,RI
2785,1041.0,0.6908,20148.0,17070.0,33.4773218,60.0,713.0,1314.0,217776,4,1,Southern Wesleyan University,SC
2786,1862.0,0.6741,26181.0,24998.0,74.36182020000001,44.0,1050.0,3834.0,215929,4,1,University of Scranton,PA
2787,1064.0,0.8301,21250.0,21500.0,57.704918000000006,44.0,756.0,1559.0,216694,4,1,Waynesburg University,PA
2788,952.0,0.7853,18117.0,12000.0,49.16666670000001,55.0,415.0,1131.0,217907,4,1,Coker College,SC
2791,1512.0,0.7278,19000.0,16625.0,56.824925799999995,39.0,705.0,2031.0,212832,4,1,Gwynedd Mercy University,PA
2794,1356.0,0.5862,20144.0,19247.0,57.0480929,54.0,685.0,2452.0,213011,4,1,Immaculata University,PA
2798,829.0,0.667,9325.0,10434.5,60.2272727,31.0,263.0,1212.0,213400,4,1,Lancaster Bible College,PA
2799,1359.0,0.4495,21750.0,21245.0,83.4575261,41.0,922.0,4904.0,213543,4,1,Lehigh University,PA
2808,1567.0,0.8048,19500.0,15000.0,43.202416899999996,58.0,808.0,2462.0,214272,4,1,Neumann University,PA
2809,1203.0,0.8911,22617.5,19000.0,40.3508772,100.0,837.0,1614.0,213598,4,1,Lincoln University,PA
2810,1204.0,0.7339,13750.0,12000.0,46.869409700000006,66.0,787.0,1571.0,214166,4,1,Mount Aloysius College,PA
2811,1268.0,0.6679999999999999,22000.0,22100.0,75.1203852,49.0,818.0,2739.0,213996,4,1,Messiah College,PA
2831,880.0,0.4098,25000.0,26000.0,88.96396399999999,29.0,639.0,3498.0,211291,4,1,Bucknell University,PA
2843,5857.0,0.5866,12500.0,10185.0,27.084066100000005,399.0,2260.0,9271.0,219602,4,1,Austin Peay State University,TN
2844,5819.0,0.6074,14000.0,13000.0,40.4166667,143.0,3199.0,10048.0,219356,4,1,South Dakota State University,SD
2845,40019.0,0.68,7421.0,7675.0,30.9782609,1106.0,6243.0,47079.0,232557,4,1,Liberty University,VA
2847,8323.0,0.4474,15000.0,15000.0,61.4155251,375.0,4008.0,21324.0,232186,4,1,George Mason University,VA
2848,9570.0,0.5549,15750.0,14000.0,33.1381733,417.0,4624.0,19483.0,232982,4,1,Old Dominion University,VA
2850,2800.0,0.5257,5911.0,7275.5,32.2655795,280.0,1577.0,5620.0,230603,4,1,Southern Utah University,UT
2851,4426.0,0.8228,18750.0,15000.0,25.174076100000004,160.0,1762.0,5955.0,232937,4,1,Norfolk State University,VA
2855,4142.0,0.5865,14710.0,13000.0,57.5146389,122.0,2301.0,8866.0,233277,4,1,Radford University,VA
2858,1667.0,0.42100000000000004,15000.0,15000.0,66.4411367,67.0,801.0,4303.0,232681,4,1,University of Mary Washington,VA
2861,4169.0,0.3741,9573.0,10908.0,43.478260899999995,205.0,2110.0,9969.0,240727,4,1,University of Wyoming,WY
2862,14074.0,0.3487,4500.0,4500.0,16.288788099999998,4874.0,9873.0,6844.0,242653,4,1,Inter American University of Puerto Rico-Metro,PR
2863,14074.0,0.2752,4500.0,4500.0,16.288788099999998,4874.0,9873.0,4308.0,242617,4,1,Inter American University of Puerto Rico-San German,PR
2864,14074.0,0.3403,4500.0,4500.0,16.288788099999998,4874.0,9873.0,2005.0,242644,4,1,Inter American University of Puerto Rico-Barranquitas,PR
2865,3595.0,0.5075,6300.0,5500.0,22.8365385,758.0,1399.0,5926.0,241410,4,1,Pontifical Catholic University of Puerto Rico-Ponce,PR
2868,1219.0,0.221,5500.0,5500.0,13.1578947,842.0,1534.0,1572.0,241377,4,1,Caribbean University-Bayamon,PR
2876,9047.0,0.3878,19778.5,19314.0,61.349557499999996,427.0,6892.0,30167.0,243780,4,1,Purdue University-Main Campus,IN
2890,3411.0,0.5818,13170.0,13000.0,42.0440637,112.0,1794.0,5765.0,240277,4,1,University of Wisconsin-Green Bay,WI
2891,2479.0,0.5988,12160.5,11000.0,28.712121200000002,126.0,1323.0,4354.0,240374,4,1,University of Wisconsin-Parkside,WI
2892,3675.0,0.6314,15000.0,14000.0,44.4312796,70.0,2147.0,7740.0,240462,4,1,University of Wisconsin-Platteville,WI
2893,3921.0,0.5827,17483.0,16686.0,59.5918367,84.0,2125.0,9335.0,240329,4,1,University of Wisconsin-La Crosse,WI
2894,1582.0,0.8048,20750.0,18250.0,45.932415500000005,48.0,952.0,2874.0,238476,4,1,Carthage College,WI
2895,9122.0,0.8367,9500.0,9500.0,25.384786999999996,344.0,1616.0,2435.0,240392,4,1,Herzing University-Madison,WI
3011,1083.0,0.4229,17232.0,17500.0,80.2650957,40.0,674.0,3107.0,233374,4,1,University of Richmond,VA
3024,4674.0,0.5877,16253.0,16168.0,60.056523799999994,91.0,2752.0,10218.0,240268,4,1,University of Wisconsin-Eau Claire,WI
3025,7403.0,0.3638,7500.0,5750.0,25.5413514,356.0,2922.0,12863.0,238263,4,1,Madison Area Technical College,WI
3029,4895.0,0.3192,13834.0,13336.0,80.8988764,202.0,2634.0,17882.0,199120,4,1,University of North Carolina at Chapel Hill,NC
3031,881.0,0.6917,18000.0,13073.5,44.0715884,31.0,557.0,1409.0,198835,4,1,Lenoir-Rhyne University,NC
3032,1349.0,0.5882,14982.5,12000.0,50.167785200000004,51.0,930.0,1865.0,200217,4,1,University of Mary,ND
3033,1793.0,0.7652,16396.0,14520.5,36.17486339999999,106.0,927.0,2276.0,198507,4,1,Elizabeth City State University,NC
3049,2590.0,0.371,6987.5,6000.0,91.7037037,85.0,1314.0,6501.0,198419,4,1,Duke University,NC
3055,722.0,0.7809999999999999,22624.0,15000.0,42.1182266,35.0,448.0,1043.0,197911,4,1,Barton College,NC
3056,1066.0,0.8486,9500.0,9500.0,17.4311927,47.0,536.0,1361.0,198303,4,1,Chowan University,NC
3068,989.0,0.7468,15000.0,12000.0,50.0,35.0,496.0,2002.0,199962,4,1,Wingate University,NC
3079,1255.0,0.6926,12218.5,12000.0,25.551470600000002,50.0,488.0,1721.0,188340,4,1,Vaughn College of Aeronautics and Technology,NY
3093,16513.0,0.5545,12500.0,11500.0,38.2743918,662.0,7901.0,23360.0,201885,4,1,University of Cincinnati-Main Campus,OH
3094,13573.0,0.6238,13500.0,11000.0,27.8375341,501.0,5430.0,19022.0,200800,4,1,University of Akron Main Campus,OH
3095,5847.0,0.5629,14416.0,13800.0,45.2947638,139.0,3342.0,11629.0,200332,4,1,North Dakota State University-Main Campus,ND
3096,4307.0,0.8126,18859.5,16750.0,37.2627373,147.0,1847.0,5876.0,199157,4,1,North Carolina Central University,NC
3097,6742.0,0.5641,15500.0,20500.0,33.7056505,307.0,4257.0,16257.0,212054,4,1,Drexel University,PA
3100,4520.0,0.7454,16875.0,16410.0,48.9722967,211.0,2675.0,6393.0,211361,4,1,California University of Pennsylvania,PA
3101,4149.0,0.7777,16896.0,15000.0,38.9403292,195.0,2230.0,5756.0,212160,4,1,Edinboro University of Pennsylvania,PA
3102,3664.0,0.65,16250.5,13838.0,35.2046784,121.0,1983.0,6109.0,212115,4,1,East Stroudsburg University of Pennsylvania,PA
3103,1927.0,0.7542,18924.5,15500.0,50.907354399999996,104.0,1054.0,2458.0,212133,4,1,Eastern University,PA
3104,1062.0,0.9085,19025.0,18750.0,51.66666670000001,73.0,655.0,1532.0,212656,4,1,Geneva College,PA
3108,13418.0,0.5181,12500.0,12570.0,72.16198979999999,839.0,7894.0,3587.0,377564,4,1,University of Washington-Tacoma Campus,WA
3164,11898.0,0.5571,13000.0,12417.0,45.1895599,498.0,4931.0,22011.0,105330,4,1,Northern Arizona University,AZ
3166,4822.0,0.49200000000000005,10500.0,9500.0,32.6357748,234.0,2638.0,9261.0,106704,4,1,University of Central Arkansas,AR
3172,7207.0,0.5957,11857.0,12077.5,10.7343312,689.0,3024.0,10300.0,108232,4,1,Academy of Art University,CA
3180,11629.0,0.3636,11000.0,11000.0,44.89283079999999,913.0,7461.0,33581.0,110608,4,1,California State University-Northridge,CA
3181,6810.0,0.3628,12000.0,12352.5,41.9606787,442.0,4934.0,19911.0,110556,4,1,California State University-Fresno,CA
3182,8070.0,0.5688,15956.5,15500.0,62.576020899999996,478.0,4011.0,18612.0,110671,4,1,University of California-Riverside,CA
3183,9546.0,0.4467,12689.0,12382.5,71.7241379,736.0,6303.0,26483.0,110644,4,1,University of California-Davis,CA
3184,6008.0,0.3883,13500.0,14501.0,43.4005109,419.0,4824.0,20857.0,110529,4,1,California State Polytechnic University-Pomona,CA
3186,3465.0,0.7734,14609.5,12750.0,20.4486626,131.0,1178.0,5797.0,110361,4,1,California Baptist University,CA
3188,1523.0,0.556,16750.0,18000.0,58.6053413,50.0,599.0,2882.0,110413,4,1,California Lutheran University,CA
3189,634.0,0.5304,21500.0,23625.0,54.9828179,66.0,443.0,1463.0,110370,4,1,California College of the Arts,CA
3192,9280.0,0.4148,15455.0,15000.0,51.619332299999996,320.0,4322.0,28692.0,100751,4,1,The University of Alabama,AL
3194,5807.0,0.361,17000.0,15000.0,53.186097,232.0,3601.0,19761.0,100858,4,1,Auburn University,AL
3198,2574.0,0.2676,7999.5,8351.5,20.3376823,183.0,959.0,5729.0,102614,4,1,University of Alaska Fairbanks,AK
3200,1495.0,0.7374,20205.0,15000.0,35.694444399999995,56.0,748.0,2584.0,102377,4,1,Tuskegee University,AL
3214,1319.0,0.5872,14000.0,14184.0,37.521815,77.0,629.0,2610.0,101709,4,1,University of Montevallo,AL
3215,1099.0,0.7411,18750.0,16778.0,27.922077899999998,62.0,392.0,1854.0,101912,4,1,Oakwood University,AL
3237,1894.0,0.7276,12250.0,10308.5,22.704507500000002,112.0,1083.0,2503.0,106412,4,1,University of Arkansas at Pine Bluff,AR
3269,21336.0,0.4547,13200.0,12916.0,55.3665042,841.0,9940.0,50919.0,132903,4,1,University of Central Florida,FL
3272,10469.0,0.3996,10500.0,10250.0,49.762763299999996,591.0,4916.0,24685.0,133669,4,1,Florida Atlantic University,FL
3275,6331.0,0.4242,11750.0,11250.0,48.3648365,310.0,3472.0,14006.0,136172,4,1,University of North Florida,FL
3276,11710.0,0.465,17750.0,17329.0,65.7071729,488.0,6844.0,32086.0,134097,4,1,Florida State University,FL
3277,18038.0,0.6553,14438.0,15358.0,41.352379,1290.0,8007.0,15788.0,135081,4,1,Keiser University-Ft Lauderdale,FL
3283,8675.0,0.5915,18500.0,17977.0,59.3781095,423.0,4393.0,16120.0,144740,4,1,DePaul University,IL
3284,8700.0,0.6022,18500.0,16500.0,66.0068426,223.0,5458.0,17667.0,145813,4,1,Illinois State University,IL
3285,5851.0,0.6619,12000.0,10250.0,37.3723142,281.0,2868.0,9777.0,141334,4,1,University of West Georgia,GA
3286,6113.0,0.688,19000.0,19000.0,42.299212600000004,425.0,4488.0,9577.0,144281,4,1,Columbia College Chicago,IL
3288,6453.0,0.537,12261.0,11000.0,24.9364676,422.0,2737.0,9337.0,142276,4,1,Idaho State University,ID
3289,1836.0,0.4436,12500.0,11375.0,37.9344588,151.0,1255.0,5386.0,141644,4,1,Hawaii Pacific University,HI
3294,2212.0,0.5865,15458.0,14250.0,21.5,96.0,879.0,3739.0,145619,4,1,Benedictine University,IL
3297,8289.0,0.5084,15000.0,14563.0,49.06467129999999,333.0,4866.0,19647.0,155399,4,1,Kansas State University,KS
3299,10235.0,0.5519,19000.0,18000.0,60.6092659,280.0,6457.0,27112.0,153603,4,1,Iowa State University,IA
3302,1319.0,0.6936,13999.0,12590.0,55.345912,45.0,587.0,1390.0,155520,4,1,MidAmerica Nazarene University,KS
3307,5628.0,0.6131,16000.0,17278.0,56.8073395,163.0,3874.0,10170.0,154095,4,1,University of Northern Iowa,IA
3311,82612.0,0.7366,6000.0,6112.5,22.7944271,4079.0,17363.0,50403.0,154022,4,1,Ashford University,CA
3315,968.0,0.774,18750.0,16289.5,66.12529,29.0,639.0,1454.0,154013,4,1,Mount Mercy University,IA
3322,1328.0,0.5722,18500.0,18750.0,65.0974026,26.0,636.0,2508.0,156286,4,1,Bellarmine University,KY
3326,831.0,0.6764,19518.0,14970.0,52.467532500000004,59.0,521.0,1392.0,156213,4,1,Asbury University,KY
3330,2269.0,0.652,11848.0,12000.0,38.5687732,119.0,1371.0,3724.0,155025,4,1,Emporia State University,KS
3333,1286.0,0.7634,19843.0,20000.0,53.96600570000001,53.0,950.0,1759.0,154688,4,1,Baker University,KS
3348,2316.0,0.4142,20200.0,19000.0,93.6573311,73.0,1341.0,8466.0,152080,4,1,University of Notre Dame,IN
3350,662.0,0.6509999999999999,21133.5,18500.0,65.2037618,29.0,460.0,1338.0,153250,4,1,Dordt College,IA
3370,9356.0,0.3997,13241.0,13750.0,45.0252951,776.0,6312.0,25271.0,122597,4,1,San Francisco State University,CA
3371,8499.0,0.4739,14270.0,16350.0,55.92734229999999,397.0,4900.0,22482.0,126818,4,1,Colorado State University-Fort Collins,CO
3372,7518.0,0.3548,12500.0,11769.0,41.195564000000005,492.0,5171.0,25723.0,122755,4,1,San Jose State University,CA
3376,1770.0,0.629,9500.0,8375.0,5.660377400000001,131.0,879.0,2227.0,126182,4,1,Adams State University,CO
3381,8383.0,0.4731,16461.0,17067.0,68.77297790000001,632.0,4624.0,23792.0,110680,4,1,University of California-San Diego,CA
3383,2024.0,0.6536,19500.0,16750.0,36.0490583,311.0,3246.0,5940.0,111948,4,1,Chapman University,CA
3386,3651.0,0.6816,18500.0,16375.0,36.029962600000005,147.0,1369.0,5128.0,117140,4,1,University of La Verne,CA
3394,6291.0,0.5586,15000.0,15000.0,68.6865378,437.0,3365.0,15695.0,110714,4,1,University of California-Santa Cruz,CA
3505,3547.0,0.6253,22500.0,21250.0,48.3481909,161.0,1918.0,6855.0,131520,4,1,Howard University,DC
3506,2590.0,0.5673,16250.0,13500.0,42.8156749,86.0,1460.0,5184.0,130776,4,1,Western Connecticut State University,CT
3508,2302.0,0.4241,6500.0,6733.0,17.113402100000002,165.0,969.0,4487.0,131399,4,1,University of the District of Columbia,DC
3509,2530.0,0.7151,19500.0,19500.0,49.180327899999995,57.0,1117.0,4759.0,129941,4,1,University of New Haven,CT
3510,2539.0,0.4603,19500.0,19500.0,72.7935223,135.0,1452.0,6829.0,131159,4,1,American University,DC
3511,2674.0,0.6188,21500.0,20000.0,68.462139,45.0,1568.0,6486.0,130226,4,1,Quinnipiac University,CT
3512,1558.0,0.5693,23000.0,19120.0,65.09433960000001,36.0,884.0,3641.0,131283,4,1,Catholic University of America,DC
3513,1844.0,0.2823,15600.0,15526.0,84.44227009999999,100.0,1326.0,7261.0,131496,4,1,Georgetown University,DC
3517,2285.0,0.4774,15000.0,14066.0,49.8617512,94.0,1264.0,5636.0,139861,4,1,Georgia College and State University,GA
3523,1418.0,0.7464,15250.0,15761.0,47.648902799999995,60.0,738.0,1683.0,139199,4,1,Brenau University,GA
3524,2264.0,0.3868,18385.0,18000.0,87.144169,110.0,1114.0,7705.0,139658,4,1,Emory University,GA
3529,3755.0,0.5635,16830.5,12500.0,20.4884668,155.0,1480.0,4930.0,127918,4,1,Regis University,CO
3530,2898.0,0.6656,18225.0,16000.0,51.7780939,113.0,1657.0,5027.0,129525,4,1,University of Hartford,CT
3536,1376.0,0.5112,23560.0,22362.5,79.65838509999999,52.0,817.0,3721.0,129242,4,1,Fairfield University,CT
3539,4653.0,0.45899999999999996,5774.0,7812.5,9.2733354,112.0,921.0,3191.0,133881,4,1,Florida Institute of Technology,FL
3540,1139.0,0.655,16531.5,17500.0,52.5889968,47.0,608.0,2379.0,134079,4,1,Florida Southern College,FL
3555,696.0,0.3615,17728.0,16250.0,91.71123,56.0,434.0,2888.0,130697,4,1,Wesleyan University,CT
3565,837.0,0.7798,15458.0,9500.0,47.647058799999996,56.0,451.0,1023.0,138275,4,1,Warner University,FL
3573,8918.0,0.4842,12750.0,12158.0,30.1349325,539.0,4431.0,16557.0,142115,4,1,Boise State University,ID
3574,3494.0,0.3476,9500.0,8682.0,33.123569800000006,180.0,1603.0,6854.0,159939,4,1,University of New Orleans,LA
3575,5244.0,0.3735,11080.0,10000.0,35.834671,273.0,2988.0,14261.0,160658,4,1,University of Louisiana at Lafayette,LA
3576,6882.0,0.3532,11500.0,12000.0,54.114321600000004,252.0,3433.0,23990.0,159391,4,1,Louisiana State University and Agricultural & Mechanical College,LA
3577,4442.0,0.4878,11250.0,9500.0,37.5875067,276.0,2071.0,7026.0,160038,4,1,Northwestern State University of Louisiana,LA
3578,4630.0,0.6405,17000.0,16000.0,47.88157220000001,192.0,2670.0,8619.0,161253,4,1,University of Maine,ME
3582,1500.0,0.5825,16952.0,14750.0,57.2395129,50.0,532.0,2910.0,159656,4,1,Loyola University New Orleans,LA
3583,2583.0,0.3702,18273.5,17569.0,60.16666670000001,143.0,1428.0,8290.0,160755,4,1,Tulane University of Louisiana,LA
3586,7563.0,0.6966,15605.0,12500.0,19.7222222,730.0,4391.0,7119.0,169479,4,1,Davenport University,MI
3587,8096.0,0.6678,15148.0,15000.0,43.369862999999995,260.0,4246.0,12646.0,169910,4,1,Ferris State University,MI
3592,1565.0,0.7596,15000.0,12690.0,32.0334262,72.0,771.0,2100.0,170037,4,1,Cornerstone University,MI
3594,671.0,0.6999,23250.0,19500.0,44.5859873,44.0,486.0,1352.0,169442,4,1,College for Creative Studies,MI
3599,13238.0,0.4845,21335.0,20321.5,66.4735099,392.0,7097.0,37622.0,171100,4,1,Michigan State University,MI
3600,7402.0,0.3665,20375.0,20375.0,78.3532537,379.0,4958.0,28077.0,170976,4,1,University of Michigan-Ann Arbor,MI
3603,1787.0,0.583,19064.0,13000.0,33.4183674,118.0,776.0,3080.0,170806,4,1,Madonna University,MI
3604,2303.0,0.5969,19500.0,19315.0,51.6503122,66.0,1491.0,5536.0,171128,4,1,Michigan Technological University,MI
3609,5999.0,0.4433,24983.0,25000.0,47.0950103,251.0,4160.0,13204.0,167358,4,1,Northeastern University,MA
3613,1807.0,0.722,21000.0,19500.0,52.6030369,62.0,1336.0,3975.0,168227,4,1,Wentworth Institute of Technology,MA
3614,1463.0,0.748,20000.0,16860.5,57.082153000000005,41.0,952.0,2648.0,168254,4,1,Western New England University,MA
3616,1015.0,0.6993,16820.0,17670.0,29.287090600000003,43.0,567.0,1843.0,168786,4,1,Aquinas College,MI
3622,4893.0,0.6408,13002.0,10789.5,39.9372479,231.0,2582.0,7959.0,171456,4,1,Northern Michigan University,MI
3624,2698.0,0.6951,17842.0,14750.0,46.976744200000006,140.0,2080.0,2920.0,171492,4,1,Northwood University,MI
3626,789.0,0.8011,22506.0,13000.0,39.5604396,35.0,398.0,1026.0,171599,4,1,Olivet College,MI
3629,350.0,0.2478,10834.0,8757.0,91.2037037,28.0,256.0,2051.0,168342,4,1,Williams College,MA
3634,1201.0,0.301,16699.5,16250.0,88.08373590000001,82.0,894.0,5146.0,168148,4,1,Tufts University,MA
3635,800.0,0.028999999999999998,6000.0,7500.0,79.3275218,201.0,1953.0,7278.0,166027,4,1,Harvard University,MA
3636,1159.0,0.6392,23250.0,19500.0,69.9421965,28.0,658.0,2621.0,165699,4,1,Endicott College,MA
3638,824.0,0.7287,20500.0,19875.0,57.9136691,26.0,346.0,1308.0,167394,4,1,College of Our Lady of the Elms,MA
3639,732.0,0.7229,20766.5,21602.5,57.306590299999996,25.0,416.0,1681.0,165936,4,1,Gordon College,MA
3644,2889.0,0.594,11250.0,11634.0,39.140271500000004,102.0,1538.0,4397.0,173124,4,1,Bemidji State University,MN
3648,4704.0,0.542,12000.0,11000.0,29.779258600000002,196.0,2833.0,8764.0,151306,4,1,University of Southern Indiana,IN
3649,8500.0,0.6139,16820.0,16250.0,49.500609000000004,266.0,4864.0,15985.0,150136,4,1,Ball State University,IN
3650,71736.0,0.8029999999999999,12667.0,11834.0,37.038807899999995,974.0,5336.0,4296.0,151519,4,1,ITT Technical Institute-Indianapolis,IN
3651,3528.0,0.4083,11499.5,10586.0,14.292612300000002,212.0,1756.0,5538.0,151342,4,1,Indiana University-South Bend,IN
3655,4465.0,0.8535,9500.0,9500.0,14.297452800000002,101.0,982.0,5670.0,151290,4,1,Indiana Institute of Technology,IN
3662,1950.0,0.7819,18750.0,15000.0,49.5604396,92.0,1141.0,2891.0,148627,4,1,Saint Xavier University,IL
3664,1317.0,0.7609999999999999,23000.0,18321.5,56.8571429,39.0,851.0,2122.0,147244,4,1,Millikin University,IL
3667,863.0,0.7533,19999.0,20500.0,43.84449239999999,43.0,611.0,1191.0,149505,4,1,Trinity Christian College,IL
3669,1252.0,0.6566,16500.0,15125.0,59.09878679999999,37.0,545.0,2020.0,148496,4,1,Dominican University,IL
3675,2606.0,0.6674,18832.0,16678.0,37.123169700000005,81.0,1318.0,4489.0,146612,4,1,Lewis University,IL
3679,905.0,0.7263,16642.0,13250.0,32.6576577,54.0,696.0,1101.0,145372,4,1,Greenville College,IL
3697,2553.0,0.6715,16610.0,14500.0,40.657439499999995,77.0,1174.0,4108.0,151263,4,1,University of Indianapolis,IN
3698,1307.0,0.7918,17330.5,16750.0,10.161290300000001,54.0,741.0,1579.0,150145,4,1,Bethel College-Indiana,IN
3699,1518.0,0.5844,24500.0,23717.0,68.79795399999999,50.0,950.0,3998.0,150163,4,1,Butler University,IN
3900,1398.0,0.8211,14000.0,14312.5,24.8968363,70.0,690.0,1906.0,183822,4,1,Bloomfield College,NJ
3902,1087.0,0.5817,17500.0,15000.0,52.0787746,52.0,774.0,1708.0,183974,4,1,Centenary University,NJ
3920,8639.0,0.4705,18400.0,17611.5,68.1223785,297.0,4701.0,2382.0,436818,4,1,University of Connecticut-Tri-Campus,CT
3937,2023.0,0.7676,12500.0,9500.0,30.494037499999997,52.0,369.0,2271.0,438498,4,1,Stratford University,VA
3955,12901.0,0.6887,17750.0,15625.0,52.1189417,120.0,2104.0,10778.0,454227,4,1,Chamberlain College of Nursing-Illinois,IL
3990,63222.0,0.7945,12220.0,13573.0,14.1192343,5572.0,33995.0,1398.0,482413,4,1,DeVry College of New York,NY
3992,63222.0,0.7795,12220.0,13573.0,14.1192343,5572.0,33995.0,2383.0,482459,4,1,DeVry University-Florida,FL
3996,63222.0,0.8243,12220.0,13573.0,14.1192343,5572.0,33995.0,1452.0,482556,4,1,DeVry University-New Jersey,NJ
4004,30112.0,0.6625,14250.0,14000.0,53.340683600000006,1304.0,12941.0,8227.0,483124,4,1,Arizona State University-Skysong,AZ
4243,42076.0,0.8548,6763.0,6334.0,10.497544,2036.0,12317.0,2111.0,453163,4,1,Strayer University-North Carolina,NC
4281,42076.0,0.7772,6763.0,6334.0,10.497544,2036.0,12317.0,2004.0,449038,4,1,Strayer University-Florida,FL
4408,26241.0,0.5433,6332.0,6334.0,10.9940716,1453.0,6642.0,9592.0,475121,4,1,South University-Savannah Online,GA
4409,3001.0,0.9349,18326.0,19109.0,55.8955224,125.0,1478.0,1319.0,475273,4,1,Springfield College-School of Professional and Continuing Studies,MA
4858,11426.0,0.8493,5329.0,5046.5,4.5619643000000005,389.0,1995.0,7935.0,413413,4,1,Capella University,MN
4863,42076.0,0.6459,6763.0,6334.0,10.497544,2036.0,12317.0,2038.0,430184,4,1,Strayer University-Maryland,MD
4996,29763.0,0.7687,9500.0,9500.0,32.158344699999994,2241.0,8792.0,3741.0,420307,4,1,Virginia College-Birmingham,AL
5010,30153.0,0.7651,9500.0,7917.0,19.198454899999998,3848.0,16977.0,4886.0,168847,4,1,Baker College,MI
5013,10308.0,0.6043,21096.5,19500.0,68.57638890000001,431.0,6233.0,21672.0,166629,4,1,University of Massachusetts-Amherst,MA
5014,11332.0,0.7528,16378.0,14560.0,33.93617020000001,419.0,4500.0,18543.0,169798,4,1,Eastern Michigan University,MI
5017,5581.0,0.597,17750.0,16510.0,45.4913508,179.0,2583.0,11828.0,166513,4,1,University of Massachusetts-Lowell,MA
5023,4080.0,0.7170000000000001,17500.0,14500.0,36.2212433,158.0,2743.0,7202.0,167987,4,1,University of Massachusetts-Dartmouth,MA
5024,3001.0,0.8985,18326.0,19109.0,55.8955224,125.0,1478.0,2157.0,167899,4,1,Springfield College,MA
5026,8045.0,0.5983,12500.0,11006.0,36.637931,407.0,3714.0,13247.0,156620,4,1,Eastern Kentucky University,KY
5027,8270.0,0.4597,12000.0,12880.0,50.494019800000004,298.0,4281.0,21050.0,157085,4,1,University of Kentucky,KY
5028,7018.0,0.4323,11399.0,10677.0,40.5268169,234.0,3019.0,15023.0,157289,4,1,University of Louisville,KY
5029,8220.0,0.4532,13000.0,12793.0,50.736624500000005,343.0,4918.0,18731.0,155317,4,1,University of Kansas,KS
5031,4481.0,0.511,12485.0,10500.0,37.5353307,312.0,2209.0,7344.0,157386,4,1,Morehead State University,KY
5032,6938.0,0.5491,12500.0,10661.5,34.838924,228.0,3051.0,11976.0,157447,4,1,Northern Kentucky University,KY
5033,4865.0,0.39299999999999996,9500.0,8749.5,36.423841100000004,165.0,1918.0,11064.0,155061,4,1,Fort Hays State University,KS
5035,3547.0,0.6036,10500.0,11000.0,41.5575465,163.0,1969.0,6005.0,155681,4,1,Pittsburg State University,KS
5037,11738.0,0.5944,12393.0,11055.0,28.3480882,650.0,4779.0,17789.0,172644,4,1,Wayne State University,MI
5039,10501.0,0.68,18329.0,18000.0,39.3379523,333.0,5221.0,18755.0,172699,4,1,Western Michigan University,MI
5042,5087.0,0.6985,14750.0,13500.0,31.7901235,191.0,2568.0,8686.0,172051,4,1,Saginaw Valley State University,MI
5046,1685.0,0.7115,19750.0,21500.0,44.9742268,54.0,927.0,2661.0,173045,4,1,Augsburg College,MN
5047,2108.0,0.6746,19500.0,18200.0,58.6750789,62.0,1180.0,3178.0,173160,4,1,Bethel University,MN
5050,3634.0,0.4092,9658.0,8574.0,34.9412492,171.0,1925.0,5863.0,159993,4,1,University of Louisiana at Monroe,LA
5051,4033.0,0.7747,18250.0,14736.5,27.8644068,122.0,1518.0,5666.0,160621,4,1,Southern University and A & M College,LA
5054,3408.0,0.4129,9974.5,8250.0,31.4826114,175.0,1672.0,6777.0,159717,4,1,McNeese State University,LA
5055,2689.0,0.304,12000.0,10500.0,44.0769231,157.0,1637.0,7047.0,159647,4,1,Louisiana Tech University,LA
5056,4422.0,0.6739,10174.5,9500.0,12.175151300000001,428.0,2634.0,3404.0,157793,4,1,Sullivan University,KY
5057,1446.0,0.6803,14436.0,11336.0,13.174491900000001,90.0,590.0,1782.0,160630,4,1,Southern University at New Orleans,LA
5059,721.0,0.589,11250.0,9500.0,26.5927978,29.0,346.0,1081.0,159568,4,1,Louisiana College,LA
5064,6898.0,0.59,13533.5,13053.0,38.927738899999994,183.0,4041.0,12542.0,173920,4,1,Minnesota State University-Mankato,MN
5065,3641.0,0.6301,14484.5,12500.0,45.2537313,102.0,2383.0,5912.0,174358,4,1,Minnesota State University Moorhead,MN
5076,4121.0,0.7483,18500.0,15250.0,31.8134172,175.0,1614.0,6746.0,171146,4,1,University of Michigan-Flint,MI
5077,3502.0,0.6704,16009.0,14820.5,38.2754342,210.0,1581.0,6793.0,171137,4,1,University of Michigan-Dearborn,MI
5079,1369.0,0.5991,15000.0,14000.0,31.7610063,84.0,880.0,2299.0,170639,4,1,Lake Superior State University,MI
5082,1989.0,0.6817,14258.0,12000.0,50.9752926,81.0,840.0,2325.0,172264,4,1,Siena Heights University,MI
5086,3680.0,0.5898,17750.0,16743.5,46.918853,149.0,1969.0,7134.0,167729,4,1,Salem State University,MA
5094,755.0,0.8759999999999999,14319.0,14125.0,41.4141414,25.0,577.0,1260.0,167260,4,1,Nichols College,MA
5095,820.0,0.5535,20321.5,24000.0,62.972972999999996,45.0,591.0,1861.0,166674,4,1,Massachusetts College of Art and Design,MA
5102,1603.0,0.418,21205.5,16250.0,39.400921700000005,155.0,1032.0,4402.0,164748,4,1,Berklee College of Music,MA
5103,582.0,0.4475,12000.0,20500.0,37.2093023,28.0,350.0,1313.0,165644,4,1,Eastern Nazarene College,MA
5104,1891.0,0.7829999999999999,24899.0,25000.0,69.71751409999999,47.0,1217.0,3808.0,166656,4,1,MCPHS University,MA
5105,1046.0,0.6753,24260.0,21081.5,56.2637363,46.0,673.0,2040.0,165671,4,1,Emmanuel College,MA
5106,929.0,0.5548,23000.0,20625.0,73.83863079999999,42.0,550.0,2312.0,165334,4,1,Clark University,MA
5107,1456.0,0.5074,26000.0,25447.5,85.26011559999999,41.0,1137.0,4172.0,164739,4,1,Bentley University,MA
5110,987.0,0.3302,19000.0,18500.0,37.3068433,51.0,582.0,3033.0,170675,4,1,Lawrence Technological University,MI
5124,1527.0,0.5956,27000.0,27000.0,73.38935570000001,42.0,850.0,4012.0,168421,4,1,Worcester Polytechnic Institute,MA
5135,7048.0,0.5095,12869.0,12500.0,29.8409994,236.0,4366.0,11535.0,174783,4,1,Saint Cloud State University,MN
5136,15747.0,0.5843,7125.0,5750.0,24.6798807,579.0,4154.0,15498.0,177065,4,1,Columbia College,MO
5137,10340.0,0.4864,15750.0,14625.0,54.2715642,241.0,5309.0,26585.0,178396,4,1,University of Missouri-Columbia,MO
5138,7489.0,0.5046,14000.0,12224.5,47.1147749,279.0,3138.0,16399.0,176080,4,1,Mississippi State University,MS
5141,5875.0,0.6299,13536.0,12250.0,45.4545455,197.0,2699.0,9160.0,176965,4,1,University of Central Missouri,MO
5145,1770.0,0.7856,11929.0,9500.0,17.234664100000003,112.0,894.0,2268.0,177940,4,1,Lincoln University,MO
5146,5295.0,0.4868,14000.0,13254.0,45.9583333,216.0,2276.0,8309.0,178402,4,1,University of Missouri-Kansas City,MO
5147,3137.0,0.5339,10834.5,9500.0,23.081761,199.0,1769.0,4902.0,178387,4,1,Missouri Western State University,MO
5148,5277.0,0.6477,15000.0,14000.0,44.2883895,153.0,2050.0,7928.0,177968,4,1,Lindenwood University,MO
5150,7046.0,0.5602,13075.0,12000.0,31.253804000000002,351.0,3249.0,11630.0,180489,4,1,The University of Montana,MT
5151,5914.0,0.4279,15000.0,14108.5,43.611447,277.0,2757.0,8928.0,178420,4,1,University of Missouri-St Louis,MO
5153,4906.0,0.5127,12241.0,10500.0,35.2272727,195.0,2409.0,9382.0,179557,4,1,Southeast Missouri State University,MO
5156,2965.0,0.5305,8503.5,7531.0,12.715231800000002,184.0,1502.0,4234.0,180179,4,1,Montana State University-Billings,MT
5158,5380.0,0.44,9500.0,7081.0,36.84210529999999,289.0,2394.0,9723.0,178721,4,1,Park University,MO
5161,19943.0,0.5591,17750.0,18083.0,66.2120696,979.0,10483.0,33427.0,186380,4,1,Rutgers University-New Brunswick,NJ
5162,19943.0,0.6878,17750.0,18083.0,66.2120696,979.0,10483.0,4777.0,186371,4,1,Rutgers University-Camden,NJ
5163,8101.0,0.3687,10599.0,10326.0,33.3866911,415.0,3854.0,22742.0,182281,4,1,University of Nevada-Las Vegas,NV
5164,5972.0,0.4683,11000.0,10363.5,34.1719865,171.0,2708.0,12153.0,181394,4,1,University of Nebraska at Omaha,NE
5171,283.0,0.0482,5969.0,9125.0,88.8157895,48.0,374.0,5234.0,186131,4,1,Princeton University,NJ
5176,5228.0,0.7633,19606.5,15000.0,34.560092,209.0,1667.0,6880.0,175856,4,1,Jackson State University,MS
5178,4196.0,0.6431,15750.0,17189.0,54.2138985,106.0,2432.0,8079.0,175272,4,1,Winona State University,MN
5183,2792.0,0.8872,14792.0,12475.0,22.9423868,86.0,769.0,3157.0,175342,4,1,Alcorn State University,MS
5186,828.0,0.7022,14000.0,11000.0,33.836858,55.0,428.0,1095.0,174862,4,1,Crown College,MN
5192,2815.0,0.7316,19500.0,19486.5,62.3630673,74.0,1776.0,4643.0,183062,4,1,Keene State College,NH
5197,987.0,0.6209,19000.0,18882.5,58.29145729999999,35.0,519.0,1524.0,183211,4,1,Rivier University,NH
5506,668.0,0.5355,18750.0,18483.0,53.354632599999995,33.0,314.0,1220.0,163578,4,1,Notre Dame of Maryland University,MD
5507,616.0,0.4135,17500.0,18000.0,68.58006040000001,33.0,373.0,1794.0,163912,4,1,St Mary's College of Maryland,MD
5509,480.0,0.3737,26714.0,26500.0,79.766537,35.0,433.0,2106.0,164580,4,1,Babson College,MA
5511,1615.0,0.7093,15347.5,13250.0,33.3333333,32.0,619.0,2459.0,160904,4,1,Xavier University of Louisiana,LA
5513,1333.0,0.7717,18052.0,19000.0,48.3552632,51.0,710.0,1858.0,161226,4,1,University of Maine at Farmington,ME
5515,2120.0,0.3918,16579.0,16250.0,82.7911857,132.0,1298.0,5932.0,162928,4,1,Johns Hopkins University,MD
5517,918.0,0.6374,19250.0,18375.0,63.231850099999996,28.0,485.0,1729.0,163462,4,1,Mount St Mary's University,MD
5525,1106.0,0.5489999999999999,23500.0,21500.0,61.94690270000001,42.0,692.0,2373.0,150534,4,1,University of Evansville,IN
5536,1520.0,0.7132,18750.0,14750.0,51.4106583,54.0,797.0,2079.0,153375,4,1,Grand View University,IA
5566,8042.0,0.3581,16045.0,15500.0,68.4680451,397.0,5009.0,26045.0,163286,4,1,University of Maryland-College Park,MD
5567,9726.0,0.5413,12693.0,11000.0,32.238806,475.0,4361.0,15780.0,157951,4,1,Western Kentucky University,KY
5568,7550.0,0.6905,14250.0,12065.5,21.3192877,396.0,3147.0,11613.0,206695,4,1,Youngstown State University,OH
5570,7286.0,0.418,16263.0,15683.0,63.350340100000004,412.0,4158.0,20473.0,209551,4,1,University of Oregon,OR
5577,2137.0,0.6484,8931.0,8369.0,27.1405493,179.0,1437.0,3985.0,207865,4,1,Southwestern Oklahoma State University,OK
5578,1863.0,0.4546,7969.0,7470.0,26.498696799999998,168.0,1184.0,3363.0,207847,4,1,Southeastern Oklahoma State University,OK
5581,2576.0,0.5992,11754.0,10972.0,28.7037037,175.0,964.0,3422.0,208646,4,1,Eastern Oregon University,OR
5582,1285.0,0.6722,18750.0,17750.0,66.5492958,57.0,805.0,2358.0,208822,4,1,George Fox University,OR
5584,6438.0,0.5122,12500.0,11211.0,39.35422,370.0,3038.0,11399.0,220075,4,1,East Tennessee State University,TN
5587,4186.0,0.5899,13000.0,13000.0,42.3894314,139.0,2403.0,6449.0,219471,4,1,University of South Dakota,SD
5590,4446.0,0.7765,9500.0,10500.0,26.478375999999997,126.0,1087.0,5063.0,219718,4,1,Bethel University,TN
5591,1241.0,0.4196,11500.0,9000.0,31.458333300000003,43.0,678.0,1753.0,219259,4,1,Northern State University,SD
5595,822.0,0.6097,18526.0,12298.0,43.3604336,28.0,450.0,1198.0,219949,4,1,Cumberland University,TN
5600,2491.0,0.2328,18500.0,19005.0,83.2833583,224.0,2400.0,10606.0,215062,4,1,University of Pennsylvania,PA
5602,883.0,0.7424,27000.0,26683.0,59.0336135,30.0,662.0,1830.0,215132,4,1,University of the Sciences,PA
5609,2148.0,0.4356,25000.0,24000.0,76.0070053,81.0,1510.0,6856.0,216597,4,1,Villanova University,PA
5619,2814.0,0.3872,7804.5,7500.0,40.7049067,138.0,1508.0,6560.0,226152,4,1,Texas A & M International University,TX
5621,1864.0,0.7886,18840.5,18347.0,39.470782799999995,108.0,1341.0,2173.0,226231,4,1,LeTourneau University,TX
5629,4306.0,0.4547,9500.0,8919.0,45.990991,213.0,2369.0,9827.0,221847,4,1,Tennessee Technological University,TN
5631,3528.0,0.5605,13229.5,12000.0,37.346711299999996,169.0,1878.0,6554.0,221768,4,1,The University of Tennessee-Martin,TN
5634,1321.0,0.866,13449.0,12500.0,43.9093484,100.0,749.0,1632.0,220631,4,1,Lincoln Memorial University,TN
5636,751.0,0.6667,14500.0,11500.0,47.95640329999999,29.0,377.0,1068.0,221731,4,1,Tennessee Wesleyan University,TN
5637,1607.0,0.6903,16000.0,13000.0,61.1584327,45.0,628.0,2121.0,220516,4,1,King University,TN
5643,4870.0,0.5459,12000.0,9993.5,37.813953500000004,196.0,2143.0,9137.0,224147,4,1,Texas A & M University-Corpus Christi,TX
5644,3254.0,0.5526,10729.0,9500.0,33.760186299999994,155.0,1885.0,5430.0,222831,4,1,Angelo State University,TX
5648,1439.0,0.5108,19500.0,19000.0,53.6549708,47.0,752.0,2567.0,221971,4,1,Union University,TN
5650,587.0,0.5066,15000.0,14625.0,59.0733591,32.0,318.0,1374.0,224323,4,1,University of Dallas,TX
5655,3807.0,0.6301,16750.0,13500.0,50.0702247,134.0,1511.0,6346.0,225627,4,1,University of the Incarnate Word,TX
5656,26241.0,0.8091,6332.0,6334.0,10.9940716,1453.0,6642.0,1408.0,224776,4,1,South University-The Art Institute of Dallas,TX
5659,1020.0,0.604,17847.5,12000.0,46.8686869,62.0,688.0,1690.0,225247,4,1,Hardin-Simmons University,TX
5666,7121.0,0.424,7000.0,7002.0,32.3623797,479.0,4647.0,17200.0,227368,4,1,The University of Texas Rio Grande Valley,TX
5669,6058.0,0.4499,7500.0,5500.0,19.5374315,431.0,3106.0,10379.0,227377,4,1,Texas Southmost College,TX
5675,1422.0,0.6649,16906.0,19040.0,16.156462599999998,35.0,729.0,2486.0,210739,4,1,DeSales University,PA
5676,1196.0,0.74,14003.0,12500.0,42.8888889,50.0,515.0,1378.0,208488,4,1,Concordia University-Portland,OR
5680,772.0,0.5031,21410.0,19114.0,77.8869779,38.0,414.0,1970.0,210401,4,1,Willamette University,OR
5690,523.0,0.4667,22000.0,13000.0,85.6140351,30.0,262.0,1316.0,211273,4,1,Bryn Mawr College,PA
5701,6179.0,0.7029,17500.0,15000.0,56.084478700000005,194.0,3717.0,13008.0,217484,4,1,University of Rhode Island,RI
5702,3723.0,0.5734,12500.0,13500.0,32.282202,141.0,2008.0,7253.0,217420,4,1,Rhode Island College,RI
5704,2344.0,0.7148,17220.5,14250.0,35.3691887,95.0,1094.0,3380.0,218061,4,1,Francis Marion University,SC
5706,1289.0,0.6056,18495.0,15250.0,45.7391304,55.0,589.0,2381.0,217633,4,1,Anderson University,SC
5707,1238.0,0.8994,18875.0,18628.0,40.9240924,52.0,554.0,1803.0,217873,4,1,Claflin University,SC
5708,703.0,0.3381,20134.0,19833.0,78.2152231,31.0,375.0,2777.0,218070,4,1,Furman University,SC
5713,5315.0,0.6858,12500.0,11250.0,41.005635,177.0,2335.0,8570.0,218724,4,1,Coastal Carolina University,SC
5714,2523.0,0.6825,17750.0,9500.0,39.1261172,111.0,1044.0,3150.0,218238,4,1,Limestone College,SC
5715,940.0,0.4719,9630.0,12888.5,48.7364621,60.0,708.0,2068.0,218441,4,1,North Greenville University,SC
5725,1560.0,0.5326,27000.0,26415.0,75.5526658,37.0,903.0,3969.0,217402,4,1,Providence College,RI
5726,1339.0,0.6148,26834.0,25250.0,60.0,35.0,1143.0,3263.0,217165,4,1,Bryant University,RI
5741,9993.0,0.6224,16500.0,13006.0,36.8445914,377.0,3875.0,16178.0,220862,4,1,University of Memphis,TN
5743,12432.0,0.5732,12325.5,11612.5,37.942955899999994,519.0,5892.0,20914.0,220978,4,1,Middle Tennessee State University,TN
5744,2140.0,0.5246,15750.0,12750.0,44.7395301,128.0,1094.0,4143.0,220613,4,1,Lee University,TN
5752,2768.0,0.4882,15000.0,14500.0,30.161427399999997,158.0,1307.0,4436.0,210146,4,1,Southern Oregon University,OR
5753,3318.0,0.7167,17750.0,15000.0,45.5549099,142.0,2174.0,5046.0,211644,4,1,Clarion University of Pennsylvania,PA
5754,3108.0,0.6583,14146.0,13338.0,37.5,135.0,1514.0,5142.0,210429,4,1,Western Oregon University,OR
5757,1128.0,0.7023,17470.0,15250.0,44.574290500000004,44.0,735.0,1774.0,211981,4,1,Delaware Valley University,PA
5758,973.0,0.8337,20790.5,14750.0,53.3333333,35.0,579.0,1252.0,211468,4,1,Cedar Crest College,PA
5759,1553.0,0.3964,22984.0,23000.0,79.6632124,111.0,1098.0,5834.0,211440,4,1,Carnegie Mellon University,PA
5760,1541.0,0.7955,10500.0,11418.5,23.3783784,62.0,745.0,1277.0,211477,4,1,Central Penn College,PA
5762,5168.0,0.7281,18469.0,15750.0,49.290780100000006,206.0,3251.0,8538.0,213349,4,1,Kutztown University of Pennsylvania,PA
5763,3087.0,0.7814,17493.0,14750.0,46.2482947,101.0,1735.0,4783.0,213613,4,1,Lock Haven University,PA
5765,1378.0,0.7211,22344.0,15000.0,62.3233909,45.0,750.0,2362.0,214069,4,1,Misericordia University,PA
5770,1322.0,0.7829,21444.0,22500.0,62.193126,53.0,766.0,2034.0,213826,4,1,Marywood University,PA
5772,906.0,0.7693,23250.0,23000.0,63.180827900000004,43.0,527.0,1508.0,214157,4,1,Moravian College,PA
5777,909.0,0.5196,15884.5,14250.0,44.516129,80.0,763.0,1949.0,207324,4,1,Oklahoma Christian University,OK
5780,862.0,0.5045,13500.0,9500.0,43.9698493,43.0,454.0,1882.0,207403,4,1,Oklahoma Baptist University,OK
5784,2575.0,0.6918,19000.0,19000.0,55.00782470000001,91.0,1351.0,4228.0,213367,4,1,La Salle University,PA
5785,2837.0,0.6763,24500.0,23943.5,66.9985775,66.0,1843.0,5944.0,212106,4,1,Duquesne University,PA
5786,1455.0,0.6779,20000.0,20774.5,58.2295989,54.0,852.0,2697.0,212601,4,1,Gannon University,PA
5798,2315.0,0.7034,18751.0,20000.0,52.3300971,95.0,1335.0,4459.0,215655,4,1,Robert Morris University,PA
5799,2354.0,0.7719,19500.0,20500.0,46.048109999999994,125.0,1451.0,3164.0,215442,4,1,Point Park University,PA
5800,34627.0,0.6044,19500.0,19500.0,55.17092170000001,1399.0,20915.0,3231.0,214801,4,1,Pennsylvania State University-Penn State Abington,PA
5801,34627.0,0.6832,19500.0,19500.0,55.17092170000001,1399.0,20915.0,2573.0,214704,4,1,Pennsylvania State University-Penn State Berks,PA
5807,15397.0,0.5975,11250.0,11000.0,42.345772999999994,523.0,5779.0,25415.0,228769,4,1,The University of Texas at Arlington,TX
5808,9947.0,0.4967,10277.5,8500.0,24.2119383,433.0,4079.0,19527.0,228796,4,1,The University of Texas at El Paso,TX
5809,13910.0,0.5201,14500.0,13500.0,47.0742628,566.0,7578.0,31005.0,228459,4,1,Texas State University,TX
5810,7055.0,0.5557,12500.0,12000.0,40.2459016,289.0,2602.0,11328.0,228529,4,1,Tarleton State University,TX
5812,1344.0,0.682,19500.0,16000.0,55.4294976,60.0,615.0,2390.0,228149,4,1,St. Mary's University,TX
5813,1071.0,0.8133,19495.5,14750.0,34.6391753,66.0,633.0,1719.0,229160,4,1,Texas Wesleyan University,TX
5815,690.0,0.7011,19000.0,13000.0,40.5063291,41.0,464.0,1295.0,228981,4,1,Texas Lutheran University,TX
5816,1232.0,0.7516,13250.0,12500.0,37.4603175,73.0,594.0,1669.0,228325,4,1,Southwestern Assemblies of God University,TX
5844,30982.0,0.8923,8256.5,6334.0,25.8686311,5827.0,19874.0,17902.0,444158,4,1,Colorado Technical University-Online,CO
5897,1914.0,0.4151,11330.0,11000.0,45.6621005,98.0,1051.0,4950.0,441937,4,1,California State University-Channel Islands,CA
5979,10418.0,0.6095,9500.0,6498.0,33.8642659,388.0,1760.0,1056.0,465812,4,1,Independence University,UT
6522,30112.0,0.5784,14250.0,14000.0,53.340683600000006,1304.0,12941.0,8555.0,448886,4,1,Arizona State University-Downtown Phoenix,AZ
6588,3450.0,0.6927,15750.0,13602.5,45.5266138,159.0,1820.0,2242.0,184694,4,1,Fairleigh Dickinson University-Florham Campus,NJ
6701,5366.0,0.5760000000000001,9500.0,8112.0,22.9770662,272.0,1866.0,8733.0,127556,4,1,Colorado Mesa University,CO
6702,4216.0,0.5042,10500.0,10000.0,42.4327354,220.0,1671.0,8888.0,126580,4,1,University of Colorado Colorado Springs,CO
6706,1858.0,0.3973,19500.0,17000.0,66.481069,138.0,1413.0,5505.0,127060,4,1,University of Denver,CO
6707,2818.0,0.647,8002.0,7001.0,24.8357424,120.0,757.0,3614.0,126669,4,1,Colorado Christian University,CO
6710,1329.0,0.4771,22500.0,21000.0,65.7856094,53.0,755.0,4197.0,126775,4,1,Colorado School of Mines,CO
6716,3655.0,0.605,13309.5,13447.0,41.493543,304.0,2015.0,7748.0,115755,4,1,Humboldt State University,CA
6717,7527.0,0.3903,12350.5,12500.0,35.076708499999995,328.0,2911.0,9788.0,119605,4,1,National University,CA
6722,951.0,0.672,16724.5,15000.0,36.97916670000001,38.0,323.0,1209.0,120184,4,1,Notre Dame de Namur University,CA
6725,5864.0,0.4818,10763.5,9500.0,27.680991100000004,342.0,2374.0,8504.0,106245,4,1,University of Arkansas at Little Rock,AR
6729,1716.0,0.5054,8750.0,8250.0,31.8627451,91.0,803.0,2640.0,107983,4,1,Southern Arkansas University Main Campus,AR
6730,5157.0,0.4734,9000.0,7250.0,37.195600899999995,275.0,2147.0,8734.0,106467,4,1,Arkansas Tech University,AR
6740,455.0,0.4487,19500.0,18584.0,47.1264368,27.0,280.0,1428.0,107080,4,1,Hendrix College,AR
6743,2157.0,0.6347,20500.0,23000.0,52.934537299999995,86.0,990.0,3462.0,121691,4,1,University of Redlands,CA
6750,1543.0,0.5307,20471.0,19500.0,54.1176471,76.0,706.0,3039.0,123554,4,1,Saint Mary's College of California,CA
6752,861.0,0.9457,14817.5,14000.0,53.10173700000001,76.0,486.0,1024.0,123457,4,1,Simpson University,CA
6753,1331.0,0.7302,17421.0,17375.0,47.069597099999996,69.0,694.0,2057.0,123651,4,1,Vanguard University of Southern California,CA
6766,1308.0,0.6943,11000.0,12000.0,27.292576399999994,50.0,346.0,2060.0,117627,4,1,La Sierra University,CA
6769,9148.0,0.374,13782.0,14440.5,77.18509,734.0,5281.0,28667.0,110662,4,1,University of California-Los Angeles,CA
6772,1168.0,0.6231,17500.0,14000.0,48.312236299999995,34.0,453.0,1916.0,112075,4,1,Concordia University-Irvine,CA
6781,5204.0,0.3877,14250.0,13541.5,44.37273089999999,317.0,2701.0,10470.0,126562,4,1,University of Colorado Denver/Anschutz Medical Campus,CO
6786,824.0,0.6934,21500.0,20687.5,64.0,30.0,304.0,1651.0,125763,4,1,Whittier College,CA
6787,688.0,0.6741,24195.0,28250.0,32.807571,46.0,441.0,1353.0,125897,4,1,Woodbury University,CA
6795,1287.0,0.3922,12500.0,10775.0,15.7074341,83.0,577.0,1369.0,106102,4,1,Western International University,AZ
6919,897.0,0.5566,17500.0,12503.0,57.2368421,25.0,421.0,2122.0,139144,4,1,Berry College,GA
6943,5273.0,0.6699,17500.0,17000.0,47.4820144,183.0,3316.0,8255.0,144892,4,1,Eastern Illinois University,IL
6946,7355.0,0.4838,13500.0,14000.0,56.174734400000006,472.0,4792.0,16601.0,145600,4,1,University of Illinois at Chicago,IL
6950,3637.0,0.4291,14000.0,11994.5,21.1246944,249.0,1940.0,7466.0,152248,4,1,Purdue University-Calumet Campus,IN
6951,13011.0,0.5366,13000.0,12500.0,22.5328947,545.0,6919.0,21569.0,151111,4,1,Indiana University-Purdue University-Indianapolis,IN
6952,5873.0,0.4984,13699.0,11500.0,21.2318626,321.0,2993.0,9795.0,151102,4,1,Indiana University-Purdue University-Fort Wayne,IN
6953,10420.0,0.3936,18892.0,18250.0,36.3986078,416.0,6574.0,31984.0,151351,4,1,Indiana University-Bloomington,IN
6954,6207.0,0.6017,12421.0,12500.0,43.2924694,182.0,3129.0,11179.0,149231,4,1,Southern Illinois University-Edwardsville,IL
6955,5821.0,0.6121,10250.0,9500.0,21.793164700000002,214.0,2552.0,10173.0,151324,4,1,Indiana State University,IN
6956,3314.0,0.4133,9750.0,9198.5,15.9343878,137.0,1404.0,5699.0,151379,4,1,Indiana University-Southeast,IN
6958,1982.0,0.3509,11433.5,8550.0,26.621490800000004,143.0,1037.0,3514.0,152266,4,1,Purdue University-North Central Campus,IN
6959,15437.0,0.456,11027.0,11107.0,41.2297893,828.0,6962.0,38234.0,133951,4,1,Florida International University,FL
6965,10073.0,0.527,10405.5,9500.0,33.1626975,464.0,3445.0,11993.0,137032,4,1,Saint Leo University,FL
6967,9495.0,0.3506,13000.0,13444.0,76.5221878,515.0,6024.0,32346.0,134130,4,1,University of Florida,FL
6970,3234.0,0.3559,18812.0,18500.0,71.1739398,219.0,2096.0,11246.0,135726,4,1,University of Miami,FL
6972,1075.0,0.5177,21500.0,19695.5,60.4166667,57.0,554.0,2608.0,136950,4,1,Rollins College,FL
6974,3252.0,0.3355,10436.5,9988.0,31.5580986,322.0,2163.0,8827.0,147776,4,1,Northeastern Illinois University,IL
6975,4822.0,0.6567,22000.0,21500.0,65.5696203,248.0,2690.0,9931.0,146719,4,1,Loyola University Chicago,IL
6984,3030.0,0.6706,15000.0,14000.0,35.557038,151.0,1465.0,3596.0,148487,4,1,Roosevelt University,IL
6987,1849.0,0.5521,13000.0,12500.0,47.118644100000004,84.0,804.0,2959.0,148654,4,1,University of Illinois at Springfield,IL
6988,1137.0,0.7678,19221.0,17571.0,56.68662679999999,35.0,615.0,1757.0,148584,4,1,University of St Francis,IL
6991,2343.0,0.6731,24750.0,21500.0,66.5254237,63.0,1501.0,4823.0,143358,4,1,Bradley University,IL
6996,1591.0,0.6976,20000.0,16658.5,62.640449399999994,59.0,864.0,2700.0,147660,4,1,North Central College,IL
6997,1860.0,0.6637,10962.0,9500.0,42.228739,65.0,769.0,1393.0,147536,4,1,National Louis University,IL
6998,1343.0,0.7099,17500.0,15500.0,45.631068,69.0,749.0,2190.0,147679,4,1,North Park University,IL
7128,867.0,0.1343,9000.0,10214.0,84.38949,93.0,1214.0,6980.0,243744,4,1,Stanford University,CA
7141,1015.0,0.6743,23166.0,23055.0,9.4537815,31.0,655.0,2128.0,239716,4,1,Saint Norbert College,WI
7155,10358.0,0.5109,14060.0,14000.0,51.548848299999996,526.0,5738.0,22825.0,236939,4,1,Washington State University,WA
7156,5571.0,0.5349,13631.5,13235.0,43.0853136,297.0,2706.0,11672.0,235097,4,1,Eastern Washington University,WA
7158,6458.0,0.5472,14188.0,14500.0,30.190678,276.0,3224.0,9958.0,234827,4,1,Central Washington University,WA
7159,2749.0,0.6396,11149.0,11192.0,27.1155596,313.0,1956.0,3856.0,237367,4,1,Fairmont State University,WV
7162,984.0,0.6589,9500.0,8250.0,41.304347799999995,43.0,398.0,1373.0,237312,4,1,University of Charleston,WV
7169,7346.0,0.4304,21236.5,20500.0,72.6014166,218.0,4670.0,23928.0,233921,4,1,Virginia Polytechnic Institute and State University,VA
7174,2184.0,0.2978,22000.0,19000.0,51.9266055,70.0,1202.0,3529.0,232265,4,1,Hampton University,VA
7176,1782.0,0.5097,19025.5,18509.0,56.554712900000006,65.0,1111.0,5083.0,231712,4,1,Christopher Newport University,VA
7179,9396.0,0.3557,10000.0,11000.0,46.659551799999996,547.0,4627.0,23273.0,230764,4,1,University of Utah,UT
7182,1250.0,0.6959,23110.5,17066.0,49.003322299999994,31.0,681.0,2432.0,230995,4,1,Norwich University,VT
7183,1275.0,0.7801,19477.0,14000.0,56.0509554,40.0,778.0,2022.0,230834,4,1,Castleton University,VT
7184,1436.0,0.2944,19000.0,19000.0,83.0238727,70.0,850.0,6235.0,231624,4,1,College of William and Mary,VA
7188,1494.0,0.7655,12500.0,13822.0,35.1633987,103.0,434.0,2286.0,231651,4,1,Regent University,VA
7191,2818.0,0.42,9500.0,7500.0,32.6860841,101.0,1038.0,4246.0,229780,4,1,Wayland Baptist University,TX
7204,1531.0,0.6363,16312.0,13750.0,34.5454546,61.0,826.0,2449.0,238980,4,1,Lakeland University,WI
7205,3004.0,0.6779999999999999,13998.5,11102.0,34.5335516,72.0,1250.0,4322.0,238616,4,1,Concordia University-Wisconsin,WI
7208,1173.0,0.748,17750.0,17733.5,55.05154639999999,50.0,707.0,1914.0,238661,4,1,Edgewood College,WI
7209,1157.0,0.6489,21300.0,15727.5,46.6786356,38.0,707.0,1676.0,239080,4,1,Marian University,WI
7216,4033.0,0.7535,11611.0,9500.0,24.618789999999997,839.0,2936.0,1804.0,232797,4,1,American National University,VA
7217,1745.0,0.5385,19351.0,15000.0,47.5694444,54.0,1164.0,4357.0,232566,4,1,Longwood University,VA
7219,1077.0,0.8698,12900.0,11125.0,25.665101699999997,43.0,462.0,1359.0,234164,4,1,Virginia Union University,VA
7228,1552.0,0.644,21800.0,20062.0,62.3501199,85.0,1061.0,3062.0,236230,4,1,Pacific Lutheran University,WA
7230,2159.0,0.5757,22476.5,21316.0,75.1521298,123.0,1340.0,4595.0,236595,4,1,Seattle University,WA
7256,13191.0,0.6414,11752.0,9500.0,19.756975699999998,682.0,5088.0,16208.0,102368,4,1,Troy University,AL
7257,5810.0,0.28600000000000003,8191.0,8251.0,19.494204399999997,416.0,2530.0,13116.0,102553,4,1,University of Alaska Anchorage,AK
7261,691.0,0.6564,20958.5,14625.0,40.0,28.0,385.0,1269.0,102234,4,1,Spring Hill College,AL
7271,2839.0,0.6883,11000.0,9836.0,32.6797386,119.0,1338.0,5536.0,101879,4,1,University of North Alabama,AL
7273,2369.0,0.7427,16500.0,9500.0,25.935828899999997,154.0,1253.0,2358.0,101189,4,1,Faulkner University,AL
7274,1037.0,0.8009,20000.0,18250.0,40.5940594,35.0,448.0,1472.0,101693,4,1,University of Mobile,AL
7302,30112.0,0.4784,14250.0,14000.0,53.340683600000006,1304.0,12941.0,38480.0,104151,4,1,Arizona State University-Tempe,AZ
7303,33699.0,0.6248,8250.0,6250.0,17.2003333,1201.0,5368.0,34643.0,104717,4,1,Grand Canyon University,AZ
7317,10197.0,0.4153,13000.0,13000.0,39.240721799999996,615.0,6456.0,25991.0,110617,4,1,California State University-Sacramento,CA
7318,10475.0,0.39299999999999996,12284.0,13000.0,50.4611601,701.0,6989.0,30440.0,110583,4,1,California State University-Long Beach,CA
7319,7640.0,0.5289,10500.0,8833.5,35.7260726,545.0,3687.0,9325.0,106458,4,1,Arkansas State University-Main Campus,AR
7320,6690.0,0.3924,9666.0,10000.0,30.731327800000003,579.0,5070.0,19525.0,110592,4,1,California State University-Los Angeles,CA
7321,5378.0,0.4291,12500.0,12500.0,35.660139,391.0,3058.0,11894.0,110547,4,1,California State University-Dominguez Hills,CA
7322,7700.0,0.4418,14500.0,15000.0,72.8917198,527.0,4584.0,23517.0,110653,4,1,University of California-Irvine,CA
7323,4659.0,0.3482,15500.0,16000.0,64.49919229999999,204.0,3420.0,18664.0,110422,4,1,California Polytechnic State University-San Luis Obispo,CA
7324,2103.0,0.7762,19500.0,17000.0,56.702127700000005,116.0,1191.0,4324.0,110097,4,1,Biola University,CA
7398,2202.0,0.7222,15764.0,17465.0,35.791645200000005,393.0,2268.0,1803.0,408844,4,1,Florida National University-Main Campus,FL
